medal_type,name,gender,country_code,country,nationality_code,nationality,birth_date
Gold Medal,EVENEPOEL Remco,Male,BEL,Belgium,BEL,Belgium,2000-01-25
Silver Medal,GANNA Filippo,Male,ITA,Italy,ITA,Italy,1996-07-25
Bronze Medal,van AERT Wout,Male,BEL,Belgium,BEL,Belgium,1994-09-15
Gold Medal,BROWN Grace,Female,AUS,Australia,AUS,Australia,1992-07-07
Silver Medal,HENDERSON Anna,Female,GBR,Great Britain,GBR,Great Britain,1998-11-14
Bronze Medal,DYGERT Chloe,Female,USA,United States,USA,United States,1997-01-01
Gold Medal,OH Sanguk,Male,KOR,Korea,KOR,Korea,1996-09-30
Silver Medal,FERJANI Fares,Male,TUN,Tunisia,TUN,Tunisia,1997-07-22
Bronze Medal,SAMELE Luigi,Male,ITA,Italy,ITA,Italy,1987-07-25
Gold Medal,KONG Man Wai Vivian,Female,HKG,"Hong Kong, China",HKG,"Hong Kong, China",1994-02-08
Silver Medal,MALLO-BRETON Auriane,Female,FRA,France,FRA,France,1993-10-11
Bronze Medal,MUHARI Eszter,Female,HUN,Hungary,HUN,Hungary,2002-09-30
Gold Medal,SMETOV Yeldos,Male,KAZ,Kazakhstan,KAZ,Kazakhstan,1992-09-09
Silver Medal,MKHEIDZE Luka,Male,FRA,France,FRA,France,1996-01-05
Bronze Medal,NAGAYAMA Ryuju,Male,JPN,Japan,JPN,Japan,1996-04-15
Bronze Medal,GARRIGOS Francisco,Male,ESP,Spain,ESP,Spain,1994-12-09
Gold Medal,TSUNODA Natsumi,Female,JPN,Japan,JPN,Japan,1992-08-06
Silver Medal,BAVUUDORJ Baasankhuu,Female,MGL,Mongolia,MGL,Mongolia,1999-11-26
Bronze Medal,BOUKLI Shirine,Female,FRA,France,FRA,France,1999-01-24
Bronze Medal,BABULFATH Tara,Female,SWE,Sweden,SWE,Sweden,2006-01-03
Gold Medal,MAERTENS Lukas,Male,GER,Germany,GER,Germany,2001-12-27
Silver Medal,WINNINGTON Elijah,Male,AUS,Australia,AUS,Australia,2000-05-05
Bronze Medal,KIM Woomin,Male,KOR,Korea,KOR,Korea,2001-08-24
Gold Medal,TITMUS Ariarne,Female,AUS,Australia,AUS,Australia,2000-09-07
Silver Medal,McINTOSH Summer,Female,CAN,Canada,CAN,Canada,2006-08-18
Bronze Medal,LEDECKY Katie,Female,USA,United States,USA,United States,1997-03-17
Gold Medal,FOX Jessica,Female,AUS,Australia,AUS,Australia,1994-06-11
Silver Medal,ZWOLINSKA Klaudia,Female,POL,Poland,POL,Poland,1998-12-18
Bronze Medal,WOODS Kimberley,Female,GBR,Great Britain,GBR,Great Britain,1995-09-08
Gold Medal,FERRAND PREVOT Pauline,Female,FRA,France,FRA,France,1992-02-10
Silver Medal,BATTEN Haley,Female,USA,United States,USA,United States,1998-09-19
Bronze Medal,RISSVEDS Jenny,Female,SWE,Sweden,SWE,Sweden,1994-06-06
Gold Medal,KANO Koki,Male,JPN,Japan,JPN,Japan,1997-12-19
Silver Medal,BOREL Yannick,Male,FRA,France,FRA,France,1988-11-05
Bronze Medal,ELSAYED Mohamed,Male,EGY,Egypt,EGY,Egypt,2003-03-03
Gold Medal,KIEFER Lee,Female,USA,United States,USA,United States,1994-06-15
Silver Medal,SCRUGGS Lauren,Female,USA,United States,USA,United States,2003-01-27
Bronze Medal,HARVEY Eleanor,Female,CAN,Canada,CAN,Canada,1995-01-14
Gold Medal,ABE Hifumi,Male,JPN,Japan,JPN,Japan,1997-08-09
Silver Medal,LIMA Willian,Male,BRA,Brazil,BRA,Brazil,2000-01-31
Bronze Medal,KYRGYZBAYEV Gusman,Male,KAZ,Kazakhstan,KAZ,Kazakhstan,1992-09-28
Bronze Medal,VIERU Denis,Male,MDA,Republic of Moldova,MDA,Republic of Moldova,1996-03-10
Gold Medal,KELDIYOROVA Diyora,Female,UZB,Uzbekistan,UZB,Uzbekistan,1998-07-13
Silver Medal,KRASNIQI Distria,Female,KOS,Kosovo,KOS,Kosovo,1995-12-10
Bronze Medal,PIMENTA Larissa,Female,BRA,Brazil,BRA,Brazil,1999-03-01
Bronze Medal,BUCHARD Amandine,Female,FRA,France,FRA,France,1995-07-12
Gold Medal,XIE Yu,Male,CHN,China,CHN,China,2000-06-12
Silver Medal,MALDINI Federico Nilo,Male,ITA,Italy,ITA,Italy,2001-03-28
Bronze Medal,MONNA Paolo,Male,ITA,Italy,ITA,Italy,1998-04-19
Gold Medal,OH Ye Jin,Female,KOR,Korea,KOR,Korea,2005-05-10
Silver Medal,KIM Yeji,Female,KOR,Korea,KOR,Korea,1992-09-04
Bronze Medal,BHAKER Manu,Female,IND,India,IND,India,2002-02-18
Gold Medal,YOSHIZAWA Coco,Female,JPN,Japan,JPN,Japan,2009-09-22
Silver Medal,AKAMA Liz,Female,JPN,Japan,JPN,Japan,2009-01-08
Bronze Medal,LEAL Rayssa,Female,BRA,Brazil,BRA,Brazil,2008-01-04
Gold Medal,MARTINENGHI Nicolo,Male,ITA,Italy,ITA,Italy,1999-08-01
Silver Medal,PEATY Adam,Male,GBR,Great Britain,GBR,Great Britain,1994-12-28
Silver Medal,FINK Nic,Male,USA,United States,USA,United States,1993-07-03
Gold Medal,MARCHAND Leon,Male,FRA,France,FRA,France,2002-05-17
Silver Medal,MATSUSHITA Tomoyuki,Male,JPN,Japan,JPN,Japan,2005-08-01
Bronze Medal,FOSTER Carson,Male,USA,United States,USA,United States,2001-10-26
Gold Medal,HUSKE Torri,Female,USA,United States,USA,United States,2002-12-07
Silver Medal,WALSH Gretchen,Female,USA,United States,USA,United States,2003-01-29
Bronze Medal,ZHANG Yufei,Female,CHN,China,CHN,China,1998-04-19
Gold Medal,GESTIN Nicolas,Male,FRA,France,FRA,France,2000-03-14
Silver Medal,BURGESS Adam,Male,GBR,Great Britain,GBR,Great Britain,1992-07-17
Bronze Medal,BENUS Matej,Male,SVK,Slovakia,SVK,Slovakia,1987-11-02
Gold Medal,PIDCOCK Thomas,Male,GBR,Great Britain,GBR,Great Britain,1999-07-30
Silver Medal,KORETZKY Victor,Male,FRA,France,FRA,France,1994-08-26
Bronze Medal,HATHERLY Alan,Male,RSA,South Africa,RSA,South Africa,1996-03-15
Gold Medal,JUNG Michael,Male,GER,Germany,GER,Germany,1982-07-31
Silver Medal,BURTON Christopher,Male,AUS,Australia,AUS,Australia,1981-11-22
Bronze Medal,COLLETT Laura,Female,GBR,Great Britain,GBR,Great Britain,1989-08-31
Gold Medal,CHEUNG Ka Long,Male,HKG,"Hong Kong, China",HKG,"Hong Kong, China",1997-06-10
Silver Medal,MACCHI Filippo,Male,ITA,Italy,ITA,Italy,2001-09-19
Bronze Medal,ITKIN Nick,Male,USA,United States,USA,United States,1999-10-09
Gold Medal,APITHY-BRUNET Manon,Female,FRA,France,FRA,France,1996-02-07
Silver Medal,BALZER Sara,Female,FRA,France,FRA,France,1995-04-03
Bronze Medal,KHARLAN Olga,Female,UKR,Ukraine,UKR,Ukraine,1990-09-04
Gold Medal,HEYDAROV Hidayat,Male,AZE,Azerbaijan,AZE,Azerbaijan,1997-07-27
Silver Medal,GABA Joan-Benjamin,Male,FRA,France,FRA,France,2001-01-07
Bronze Medal,OSMANOV Adil,Male,MDA,Republic of Moldova,MDA,Republic of Moldova,2000-07-02
Bronze Medal,HASHIMOTO Soichi,Male,JPN,Japan,JPN,Japan,1991-08-24
Gold Medal,DEGUCHI Christa,Female,CAN,Canada,CAN,Canada,1995-10-29
Silver Medal,HUH Mimi,Female,KOR,Korea,KOR,Korea,2002-12-19
Bronze Medal,FUNAKUBO Haruka,Female,JPN,Japan,JPN,Japan,1998-10-10
Bronze Medal,CYSIQUE Sarah Leonie,Female,FRA,France,FRA,France,1998-07-06
Gold Medal,SHENG Lihao,Male,CHN,China,CHN,China,2004-12-04
Silver Medal,LINDGREN Victor,Male,SWE,Sweden,SWE,Sweden,2003-05-16
Bronze Medal,MARICIC Miran,Male,CRO,Croatia,CRO,Croatia,1997-06-17
Gold Medal,BAN Hyojin,Female,KOR,Korea,KOR,Korea,2007-09-20
Silver Medal,HUANG Yuting,Female,CHN,China,CHN,China,2006-09-03
Bronze Medal,GOGNIAT Audrey,Female,SUI,Switzerland,SUI,Switzerland,2002-10-30
Gold Medal,HORIGOME Yuto,Male,JPN,Japan,JPN,Japan,1999-01-07
Silver Medal,EATON Jagger,Male,USA,United States,USA,United States,2001-02-21
Bronze Medal,HUSTON Nyjah,Male,USA,United States,USA,United States,1994-11-30
Gold Medal,CECCON Thomas,Male,ITA,Italy,ITA,Italy,2001-01-27
Silver Medal,XU Jiayu,Male,CHN,China,CHN,China,1995-08-19
Bronze Medal,MURPHY Ryan,Male,USA,United States,USA,United States,1995-07-02
Gold Medal,POPOVICI David,Male,ROU,Romania,ROU,Romania,2004-09-15
Silver Medal,RICHARDS Matthew,Male,GBR,Great Britain,GBR,Great Britain,2002-12-17
Bronze Medal,HOBSON Luke,Male,USA,United States,USA,United States,2003-06-25
Gold Medal,SMITH Tatjana,Female,RSA,South Africa,RSA,South Africa,1997-07-09
Silver Medal,TANG Qianting,Female,CHN,China,CHN,China,2004-03-14
Bronze Medal,Mc SHARRY Mona,Female,IRL,Ireland,IRL,Ireland,2000-08-21
Gold Medal,O'CALLAGHAN Mollie,Female,AUS,Australia,AUS,Australia,2004-04-02
Silver Medal,TITMUS Ariarne,Female,AUS,Australia,AUS,Australia,2000-09-07
Bronze Medal,HAUGHEY Siobhan Bernadette,Female,HKG,"Hong Kong, China",HKG,"Hong Kong, China",1997-10-31
Gold Medal,McINTOSH Summer,Female,CAN,Canada,CAN,Canada,2006-08-18
Silver Medal,GRIMES Katie,Female,USA,United States,USA,United States,2006-01-08
Bronze Medal,WEYANT Emma,Female,USA,United States,USA,United States,2001-12-24
Gold Medal,NAGASE Takanori,Male,JPN,Japan,JPN,Japan,1993-10-14
Silver Medal,GRIGALASHVILI Tato,Male,GEO,Georgia,GEO,Georgia,1999-12-01
Bronze Medal,LEE Joonhwan,Male,KOR,Korea,KOR,Korea,2002-06-19
Bronze Medal,MAKHMADBEKOV Somon,Male,TJK,Tajikistan,TJK,Tajikistan,1999-03-24
Gold Medal,LESKI Andreja,Female,SLO,Slovenia,SLO,Slovenia,1997-01-08
Silver Medal,AWITI ALCARAZ Prisca,Female,MEX,Mexico,MEX,Mexico,1996-02-20
Bronze Medal,AGBEGNENOU Clarisse,Female,FRA,France,FRA,France,1992-10-25
Bronze Medal,FAZLIU Laura,Female,KOS,Kosovo,KOS,Kosovo,2000-09-28
Gold Medal,HALES Nathan,Male,GBR,Great Britain,GBR,Great Britain,1996-06-16
Silver Medal,QI Ying,Male,CHN,China,CHN,China,1997-01-23
Bronze Medal,BROL CARDENAS Jean Pierre,Male,GUA,Guatemala,GUA,Guatemala,1982-12-18
Gold Medal,WIFFEN Daniel,Male,IRL,Ireland,IRL,Ireland,2001-07-14
Silver Medal,FINKE Bobby,Male,USA,United States,USA,United States,1999-11-06
Bronze Medal,PALTRINIERI Gregorio,Male,ITA,Italy,ITA,Italy,1994-09-05
Gold Medal,McKEOWN Kaylee,Female,AUS,Australia,AUS,Australia,2001-07-12
Silver Medal,SMITH Regan,Female,USA,United States,USA,United States,2002-02-09
Bronze Medal,BERKOFF Katharine,Female,USA,United States,USA,United States,2001-01-28
Gold Medal,OKA Shinnosuke,Male,JPN,Japan,JPN,Japan,2003-10-31
Silver Medal,ZHANG Boheng,Male,CHN,China,CHN,China,2000-03-04
Bronze Medal,XIAO Ruoteng,Male,CHN,China,CHN,China,1996-01-30
Gold Medal,FOX Jessica,Female,AUS,Australia,AUS,Australia,1994-06-11
Silver Medal,LILIK Elena,Female,GER,Germany,GER,Germany,1998-09-14
Bronze Medal,LEIBFARTH Evy,Female,USA,United States,USA,United States,2004-01-26
Gold Medal,TORRES GIL Jose,Male,ARG,Argentina,ARG,Argentina,1995-03-28
Silver Medal,REILLY Kieran Darren David,Male,GBR,Great Britain,GBR,Great Britain,2001-07-12
Bronze Medal,JEANJEAN Anthony,Male,FRA,France,FRA,France,1998-05-13
Gold Medal,DENG Yawen,Female,CHN,China,CHN,China,2005-10-17
Silver Medal,BENEGAS Perris,Female,USA,United States,USA,United States,1995-07-22
Bronze Medal,DIEHM Natalya,Female,AUS,Australia,AUS,Australia,1997-09-23
Gold Medal,BEKAURI Lasha,Male,GEO,Georgia,GEO,Georgia,2000-07-26
Silver Medal,MURAO Sanshiro,Male,JPN,Japan,JPN,Japan,2000-08-28
Bronze Medal,NGAYAP HAMBOU Maxime-Gael,Male,FRA,France,FRA,France,2001-06-22
Bronze Medal,TSELIDIS Theodoros,Male,GRE,Greece,GRE,Greece,1996-08-05
Gold Medal,MATIC Barbara,Female,CRO,Croatia,CRO,Croatia,1994-12-03
Silver Medal,BUTKEREIT Miriam,Female,GER,Germany,GER,Germany,1994-05-08
Bronze Medal,POLLERES Michaela,Female,AUT,Austria,AUT,Austria,1997-07-15
Bronze Medal,WILLEMS Gabriella,Female,BEL,Belgium,BEL,Belgium,1997-07-01
Gold Medal,RUANO OLIVA Adriana,Female,GUA,Guatemala,GUA,Guatemala,1995-06-26
Silver Medal,STANCO Silvana Maria,Female,ITA,Italy,ITA,Italy,1993-01-06
Bronze Medal,SMITH Penny,Female,AUS,Australia,AUS,Australia,1995-04-21
Gold Medal,PAN Zhanle,Male,CHN,China,CHN,China,2004-08-04
Silver Medal,CHALMERS Kyle,Male,AUS,Australia,AUS,Australia,1998-06-25
Bronze Medal,POPOVICI David,Male,ROU,Romania,ROU,Romania,2004-09-15
Gold Medal,MARCHAND Leon,Male,FRA,France,FRA,France,2002-05-17
Silver Medal,STUBBLETY-COOK Zac,Male,AUS,Australia,AUS,Australia,1999-01-04
Bronze Medal,CORBEAU Caspar,Male,NED,Netherlands,NED,Netherlands,2001-04-03
Gold Medal,MARCHAND Leon,Male,FRA,France,FRA,France,2002-05-17
Silver Medal,MILAK Kristof,Male,HUN,Hungary,HUN,Hungary,2000-02-20
Bronze Medal,KHARUN Ilya,Male,CAN,Canada,CAN,Canada,2005-02-07
Gold Medal,SJOESTROEM Sarah,Female,SWE,Sweden,SWE,Sweden,1993-08-17
Silver Medal,HUSKE Torri,Female,USA,United States,USA,United States,2002-12-07
Bronze Medal,HAUGHEY Siobhan Bernadette,Female,HKG,"Hong Kong, China",HKG,"Hong Kong, China",1997-10-31
Gold Medal,LEDECKY Katie,Female,USA,United States,USA,United States,1997-03-17
Silver Medal,KIRPICHNIKOVA Anastasiia,Female,FRA,France,FRA,France,2000-06-24
Bronze Medal,GOSE Isabel,Female,GER,Germany,GER,Germany,2002-05-09
Gold Medal,YEE Alex,Male,GBR,Great Britain,GBR,Great Britain,1998-02-18
Silver Medal,WILDE Hayden,Male,NZL,New Zealand,NZL,New Zealand,1997-09-01
Bronze Medal,BERGERE Leo,Male,FRA,France,FRA,France,1996-06-28
Gold Medal,BEAUGRAND Cassandre,Female,FRA,France,FRA,France,1997-05-23
Silver Medal,DERRON Julie,Female,SUI,Switzerland,SUI,Switzerland,1996-09-10
Bronze Medal,POTTER Beth,Female,GBR,Great Britain,GBR,Great Britain,1991-12-27
Gold Medal,BILES Simone,Female,USA,United States,USA,United States,1997-03-14
Silver Medal,ANDRADE Rebeca,Female,BRA,Brazil,BRA,Brazil,1999-05-08
Bronze Medal,LEE Sunisa,Female,USA,United States,USA,United States,2003-03-09
Gold Medal,PINTADO Brian Daniel,Male,ECU,Ecuador,ECU,Ecuador,1995-07-29
Silver Medal,BONFIM Caio,Male,BRA,Brazil,BRA,Brazil,1991-03-19
Bronze Medal,MARTIN Alvaro,Male,ESP,Spain,ESP,Spain,1994-06-18
Gold Medal,YANG Jiayu,Female,CHN,China,CHN,China,1996-02-18
Silver Medal,PEREZ Maria,Female,ESP,Spain,ESP,Spain,1996-04-29
Bronze Medal,MONTAG Jemima,Female,AUS,Australia,AUS,Australia,1998-02-15
Gold Medal,de GENNARO Giovanni,Male,ITA,Italy,ITA,Italy,1992-07-21
Silver Medal,CASTRYCK Titouan,Male,FRA,France,FRA,France,2004-08-28
Bronze Medal,ECHANIZ Pau,Male,ESP,Spain,ESP,Spain,2001-05-29
Gold Medal,KOTSOIEV Zelym,Male,AZE,Azerbaijan,AZE,Azerbaijan,1998-08-09
Silver Medal,SULAMANIDZE Ilia,Male,GEO,Georgia,GEO,Georgia,2001-06-18
Bronze Medal,PALTCHIK Peter,Male,ISR,Israel,ISR,Israel,1992-01-04
Bronze Medal,TUROBOYEV Muzaffarbek,Male,UZB,Uzbekistan,UZB,Uzbekistan,2000-04-05
Gold Medal,BELLANDI Alice,Female,ITA,Italy,ITA,Italy,1998-11-20
Silver Medal,LANIR Inbar,Female,ISR,Israel,ISR,Israel,2000-04-03
Bronze Medal,MA Zhenzhao,Female,CHN,China,CHN,China,1998-04-24
Bronze Medal,SAMPAIO Patricia,Female,POR,Portugal,POR,Portugal,1999-06-30
Gold Medal,LIU Yukun,Male,CHN,China,CHN,China,1997-04-12
Silver Medal,KULISH Serhiy,Male,UKR,Ukraine,UKR,Ukraine,1993-04-17
Bronze Medal,KUSALE Swapnil,Male,IND,India,IND,India,1995-08-06
Gold Medal,KOS Hubert,Male,HUN,Hungary,HUN,Hungary,2003-03-28
Silver Medal,CHRISTOU Apostolos,Male,GRE,Greece,GRE,Greece,1996-11-01
Bronze Medal,MITYUKOV Roman,Male,SUI,Switzerland,SUI,Switzerland,2000-07-30
Gold Medal,DOUGLASS Kate,Female,USA,United States,USA,United States,2001-11-17
Silver Medal,SMITH Tatjana,Female,RSA,South Africa,RSA,South Africa,1997-07-09
Bronze Medal,SCHOUTEN Tes,Female,NED,Netherlands,NED,Netherlands,2000-12-31
Gold Medal,McINTOSH Summer,Female,CAN,Canada,CAN,Canada,2006-08-18
Silver Medal,SMITH Regan,Female,USA,United States,USA,United States,2002-02-09
Bronze Medal,ZHANG Yufei,Female,CHN,China,CHN,China,1998-04-19
Gold Medal,CHEPTEGEI Joshua,Male,UGA,Uganda,UGA,Uganda,1996-09-12
Silver Medal,AREGAWI Berihu,Male,ETH,Ethiopia,ETH,Ethiopia,2001-02-28
Bronze Medal,FISHER Grant,Male,USA,United States,USA,United States,1997-04-22
Gold Medal,DAUDET Joris,Male,FRA,France,FRA,France,1991-02-12
Silver Medal,ANDRE Sylvain,Male,FRA,France,FRA,France,1992-10-14
Bronze Medal,MAHIEU Romain,Male,FRA,France,FRA,France,1995-02-17
Gold Medal,SAKAKIBARA Saya,Female,AUS,Australia,AUS,Australia,1999-08-23
Silver Medal,VEENSTRA Manon,Female,NED,Netherlands,NED,Netherlands,1998-07-06
Bronze Medal,CLAESSENS Zoe,Female,SUI,Switzerland,SUI,Switzerland,2001-04-28
Gold Medal,RINER Teddy,Male,FRA,France,FRA,France,1989-04-07
Silver Medal,KIM Minjong,Male,KOR,Korea,KOR,Korea,2000-09-01
Bronze Medal,RAKHIMOV Temur,Male,TJK,Tajikistan,TJK,Tajikistan,1997-07-08
Bronze Medal,YUSUPOV Alisher,Male,UZB,Uzbekistan,UZB,Uzbekistan,1998-11-27
Gold Medal,SOUZA Beatriz,Female,BRA,Brazil,BRA,Brazil,1998-05-20
Silver Medal,HERSHKO Raz,Female,ISR,Israel,ISR,Israel,1998-06-19
Bronze Medal,KIM Hayun,Female,KOR,Korea,KOR,Korea,2000-01-07
Bronze Medal,DICKO Romane,Female,FRA,France,FRA,France,1999-09-30
Gold Medal,LEONE Chiara,Female,SUI,Switzerland,SUI,Switzerland,1998-06-15
Silver Medal,MADDALENA Sagen,Female,USA,United States,USA,United States,1993-08-16
Bronze Medal,ZHANG Qiongyue,Female,CHN,China,CHN,China,2004-03-12
Gold Medal,MARCHAND Leon,Male,FRA,France,FRA,France,2002-05-17
Silver Medal,SCOTT Duncan,Male,GBR,Great Britain,GBR,Great Britain,1997-05-06
Bronze Medal,WANG Shun,Male,CHN,China,CHN,China,1994-02-11
Gold Medal,McEVOY Cameron,Male,AUS,Australia,AUS,Australia,1994-05-13
Silver Medal,PROUD Benjamin,Male,GBR,Great Britain,GBR,Great Britain,1994-09-21
Bronze Medal,MANAUDOU Florent,Male,FRA,France,FRA,France,1990-11-12
Gold Medal,McKEOWN Kaylee,Female,AUS,Australia,AUS,Australia,2001-07-12
Silver Medal,SMITH Regan,Female,USA,United States,USA,United States,2002-02-09
Bronze Medal,MASSE Kylie,Female,CAN,Canada,CAN,Canada,1996-01-18
Bronze Medal,SWIATEK Iga,Female,POL,Poland,POL,Poland,2001-05-31
Gold Medal,LITVINOVICH Ivan,Male,AIN,AIN,BLR,Belarus,2001-06-26
Silver Medal,WANG Zisai,Male,CHN,China,CHN,China,2006-06-18
Bronze Medal,YAN Langyu,Male,CHN,China,CHN,China,1999-08-31
Gold Medal,PAGE Bryony,Female,GBR,Great Britain,GBR,Great Britain,1990-12-10
Silver Medal,BARDZILOUSKAYA Viyaleta,Female,AIN,AIN,BLR,Belarus,2005-06-07
Bronze Medal,METHOT Sophiane,Female,CAN,Canada,CAN,Canada,1998-08-03
Gold Medal,LIM Sihyeon,Female,KOR,Korea,KOR,Korea,2003-06-13
Silver Medal,NAM Suhyeon,Female,KOR,Korea,KOR,Korea,2005-01-27
Bronze Medal,BARBELIN Lisa,Female,FRA,France,FRA,France,2000-04-10
Gold Medal,YULO Carlos Edriel,Male,PHI,Philippines,PHI,Philippines,2000-02-16
Silver Medal,DOLGOPYAT Artem,Male,ISR,Israel,ISR,Israel,1997-06-16
Bronze Medal,JARMAN Jake,Male,GBR,Great Britain,GBR,Great Britain,2001-12-03
Gold Medal,Mc CLENAGHAN Rhys,Male,IRL,Ireland,IRL,Ireland,1999-07-21
Silver Medal,KURBANOV Nariman,Male,KAZ,Kazakhstan,KAZ,Kazakhstan,1997-12-06
Bronze Medal,NEDOROSCIK Stephen,Male,USA,United States,USA,United States,1998-10-28
Gold Medal,BILES Simone,Female,USA,United States,USA,United States,1997-03-14
Silver Medal,ANDRADE Rebeca,Female,BRA,Brazil,BRA,Brazil,1999-05-08
Bronze Medal,CAREY Jade,Female,USA,United States,USA,United States,2000-05-27
Gold Medal,ROOTH Markus,Male,NOR,Norway,NOR,Norway,2001-12-22
Silver Medal,NEUGEBAUER Leo,Male,GER,Germany,GER,Germany,2000-06-19
Bronze Medal,VICTOR Lindon,Male,GRN,Grenada,GRN,Grenada,1993-02-28
Gold Medal,CROUSER Ryan,Male,USA,United States,USA,United States,1992-12-18
Silver Medal,KOVACS Joe,Male,USA,United States,USA,United States,1989-06-28
Bronze Medal,CAMPBELL Rajindra,Male,JAM,Jamaica,JAM,Jamaica,1996-02-29
Gold Medal,ALFRED Julien,Female,LCA,Saint Lucia,LCA,Saint Lucia,2001-06-10
Silver Medal,RICHARDSON Sha'carri,Female,USA,United States,USA,United States,2000-03-25
Bronze Medal,JEFFERSON Melissa,Female,USA,United States,USA,United States,2001-02-21
Gold Medal,LAFOND Thea,Female,DMA,Dominica,DMA,Dominica,1994-04-05
Silver Medal,RICKETTS Shanieka,Female,JAM,Jamaica,JAM,Jamaica,1992-02-02
Bronze Medal,MOORE Jasmine,Female,USA,United States,USA,United States,2001-05-01
Bronze Medal,WU Shih Yi,Female,TPE,Chinese Taipei,TPE,Chinese Taipei,1998-04-27
Bronze Medal,SOARES FERREIRA Beatriz Iasmin,Female,BRA,Brazil,BRA,Brazil,1992-12-09
Gold Medal,EVENEPOEL Remco,Male,BEL,Belgium,BEL,Belgium,2000-01-25
Silver Medal,MADOUAS Valentin,Male,FRA,France,FRA,France,1996-07-12
Bronze Medal,LAPORTE Christophe,Male,FRA,France,FRA,France,1992-12-11
Gold Medal,ZEIDLER Oliver,Male,GER,Germany,GER,Germany,1996-07-24
Silver Medal,ZALATY Yauheni,Male,AIN,AIN,BLR,Belarus,1999-09-09
Bronze Medal,van DORP Simon,Male,NED,Netherlands,NED,Netherlands,1997-04-10
Gold Medal,FLORIJN Karolien,Female,NED,Netherlands,NED,Netherlands,1998-04-06
Silver Medal,TWIGG Emma,Female,NZL,New Zealand,NZL,New Zealand,1987-03-01
Bronze Medal,SENKUTE Viktorija,Female,LTU,Lithuania,LTU,Lithuania,1996-04-12
Gold Medal,REUVENY Tom,Male,ISR,Israel,ISR,Israel,2000-06-12
Silver Medal,MORRIS Grae,Male,AUS,Australia,AUS,Australia,2003-10-16
Bronze Medal,van OPZEELAND Luuc,Male,NED,Netherlands,NED,Netherlands,1999-05-21
Gold Medal,MAGGETTI Marta,Female,ITA,Italy,ITA,Italy,1996-01-10
Silver Medal,KANTOR Sharon,Female,ISR,Israel,ISR,Israel,2003-01-28
Bronze Medal,WILSON Emma,Female,GBR,Great Britain,GBR,Great Britain,1999-04-07
Gold Medal,YANG Jiin,Female,KOR,Korea,KOR,Korea,2003-05-20
Silver Medal,JEDRZEJEWSKI Camille,Female,FRA,France,FRA,France,2002-04-25
Bronze Medal,MAJOR Veronika,Female,HUN,Hungary,HUN,Hungary,1997-03-19
Gold Medal,HANCOCK Vincent,Male,USA,United States,USA,United States,1989-03-19
Silver Medal,PRINCE Conner Lynn,Male,USA,United States,USA,United States,2000-03-28
Bronze Medal,LEE Meng Yuan,Male,TPE,Chinese Taipei,TPE,Chinese Taipei,1994-08-25
Gold Medal,MILAK Kristof,Male,HUN,Hungary,HUN,Hungary,2000-02-20
Silver Medal,LIENDO Josh,Male,CAN,Canada,CAN,Canada,2002-08-20
Bronze Medal,KHARUN Ilya,Male,CAN,Canada,CAN,Canada,2005-02-07
Gold Medal,McINTOSH Summer,Female,CAN,Canada,CAN,Canada,2006-08-18
Silver Medal,DOUGLASS Kate,Female,USA,United States,USA,United States,2001-11-17
Bronze Medal,McKEOWN Kaylee,Female,AUS,Australia,AUS,Australia,2001-07-12
Gold Medal,LEDECKY Katie,Female,USA,United States,USA,United States,1997-03-17
Silver Medal,TITMUS Ariarne,Female,AUS,Australia,AUS,Australia,2000-09-07
Bronze Medal,MADDEN Paige,Female,USA,United States,USA,United States,1998-10-22
Gold Medal,CHEN Meng,Female,CHN,China,CHN,China,1994-01-15
Silver Medal,SUN Yingsha,Female,CHN,China,CHN,China,2000-11-04
Bronze Medal,HAYATA Hina,Female,JPN,Japan,JPN,Japan,2000-07-07
Bronze Medal,MUSETTI Lorenzo,Male,ITA,Italy,ITA,Italy,2002-03-03
Gold Medal,ZHENG Qinwen,Female,CHN,China,CHN,China,2002-10-08
Silver Medal,VEKIC Donna,Female,CRO,Croatia,CRO,Croatia,1996-06-28
Gold Medal,KIM Woojin,Male,KOR,Korea,KOR,Korea,1992-06-20
Silver Medal,ELLISON Brady,Male,USA,United States,USA,United States,1988-10-27
Bronze Medal,LEE Wooseok,Male,KOR,Korea,KOR,Korea,1997-08-07
Gold Medal,LIU Yang,Male,CHN,China,CHN,China,1994-08-11
Silver Medal,ZOU Jingyuan,Male,CHN,China,CHN,China,1998-01-03
Bronze Medal,PETROUNIAS Eleftherios,Male,GRE,Greece,GRE,Greece,1990-11-30
Gold Medal,YULO Carlos Edriel,Male,PHI,Philippines,PHI,Philippines,2000-02-16
Silver Medal,DAVTYAN Artur,Male,ARM,Armenia,ARM,Armenia,1992-08-08
Bronze Medal,HEPWORTH Harry,Male,GBR,Great Britain,GBR,Great Britain,2003-12-06
Gold Medal,NEMOUR Kaylia,Female,ALG,Algeria,ALG,Algeria,2006-12-30
Silver Medal,QIU Qiyuan,Female,CHN,China,CHN,China,2007-05-24
Bronze Medal,LEE Sunisa,Female,USA,United States,USA,United States,2003-03-09
Gold Medal,LYLES Noah,Male,USA,United States,USA,United States,1997-07-18
Silver Medal,THOMPSON Kishane,Male,JAM,Jamaica,JAM,Jamaica,2001-07-17
Bronze Medal,KERLEY Fred,Male,USA,United States,USA,United States,1995-05-07
Gold Medal,KATZBERG Ethan,Male,CAN,Canada,CAN,Canada,2002-04-05
Silver Medal,HALASZ Bence,Male,HUN,Hungary,HUN,Hungary,1997-08-04
Bronze Medal,KOKHAN Mykhaylo,Male,UKR,Ukraine,UKR,Ukraine,2001-01-22
Gold Medal,MAHUCHIKH Yaroslava,Female,UKR,Ukraine,UKR,Ukraine,2001-09-19
Silver Medal,OLYSLAGERS Nicola,Female,AUS,Australia,AUS,Australia,1996-12-28
Bronze Medal,GERASHCHENKO Iryna,Female,UKR,Ukraine,UKR,Ukraine,1995-03-10
Bronze Medal,PATTERSON Eleanor,Female,AUS,Australia,AUS,Australia,1996-05-22
Bronze Medal,TUNJUNG Gregoria Mariska,Female,INA,Indonesia,INA,Indonesia,1999-08-11
Bronze Medal,ALCANTARA REYES Yunior,Male,DOM,Dominican Republic,DOM,Dominican Republic,2004-02-10
Bronze Medal,de PINA David,Male,CPV,Cabo Verde,CPV,Cabo Verde,1996-08-07
Bronze Medal,SANFORD Wyatt,Male,CAN,Canada,CAN,Canada,1998-11-03
Bronze Medal,GURULI Lasha,Male,GEO,Georgia,GEO,Georgia,1996-08-27
Bronze Medal,PINALES Cristian Javier,Male,DOM,Dominican Republic,DOM,Dominican Republic,2000-11-02
Bronze Medal,LOPEZ CARDONA Arlen,Male,CUB,Cuba,CUB,Cuba,1993-02-21
Bronze Medal,REYES PLA Enmanuel,Male,ESP,Spain,ESP,Spain,1992-12-14
Bronze Medal,BOLTAEV Davlat,Male,TJK,Tajikistan,TJK,Tajikistan,1999-01-13
Bronze Medal,PANG Cholmi,Female,PRK,DPR Korea,PRK,DPR Korea,1994-08-26
Bronze Medal,IM Aeji,Female,KOR,Korea,KOR,Korea,1999-05-11
Gold Medal,FAULKNER Kristen,Female,USA,United States,USA,United States,1992-12-18
Silver Medal,VOS Marianne,Female,NED,Netherlands,NED,Netherlands,1987-05-13
Bronze Medal,KOPECKY Lotte,Female,BEL,Belgium,BEL,Belgium,1995-11-10
Gold Medal,von BREDOW-WERNDL Jessica,Female,GER,Germany,GER,Germany,1986-02-16
Silver Medal,WERTH Isabell,Female,GER,Germany,GER,Germany,1969-07-21
Bronze Medal,FRY Charlotte,Female,GBR,Great Britain,GBR,Great Britain,1996-02-11
Gold Medal,SCHEFFLER Scottie,Male,USA,United States,USA,United States,1996-06-21
Silver Medal,FLEETWOOD Tommy,Male,GBR,Great Britain,GBR,Great Britain,1991-01-19
Bronze Medal,MATSUYAMA Hideki,Male,JPN,Japan,JPN,Japan,1992-02-25
Gold Medal,CROVETTO CHADID Francisca,Female,CHI,Chile,CHI,Chile,1990-04-27
Silver Medal,RUTTER Amber Jo,Female,GBR,Great Britain,GBR,Great Britain,1997-08-21
Bronze Medal,SMITH Austen Jewell,Female,USA,United States,USA,United States,2001-07-23
Gold Medal,FINKE Bobby,Male,USA,United States,USA,United States,1999-11-06
Silver Medal,PALTRINIERI Gregorio,Male,ITA,Italy,ITA,Italy,1994-09-05
Bronze Medal,WIFFEN Daniel,Male,IRL,Ireland,IRL,Ireland,2001-07-14
Gold Medal,SJOESTROEM Sarah,Female,SWE,Sweden,SWE,Sweden,1993-08-17
Silver Medal,HARRIS Meg,Female,AUS,Australia,AUS,Australia,2002-03-07
Bronze Medal,ZHANG Yufei,Female,CHN,China,CHN,China,1998-04-19
Gold Medal,FAN Zhendong,Male,CHN,China,CHN,China,1997-01-22
Silver Medal,MOREGARD Truls,Male,SWE,Sweden,SWE,Sweden,2002-02-16
Bronze Medal,LEBRUN Felix,Male,FRA,France,FRA,France,2006-09-12
Gold Medal,DJOKOVIC Novak,Male,SRB,Serbia,SRB,Serbia,1987-05-22
Silver Medal,ALCARAZ Carlos,Male,ESP,Spain,ESP,Spain,2003-05-05
Gold Medal,OKA Shinnosuke,Male,JPN,Japan,JPN,Japan,2003-10-31
Silver Medal,BARAJAS Angel,Male,COL,Colombia,COL,Colombia,2006-08-12
Bronze Medal,ZHANG Boheng,Male,CHN,China,CHN,China,2000-03-04
Bronze Medal,TANG Chia-Hung,Male,TPE,Chinese Taipei,TPE,Chinese Taipei,1996-09-23
Gold Medal,ZOU Jingyuan,Male,CHN,China,CHN,China,1998-01-03
Silver Medal,KOVTUN Illia,Male,UKR,Ukraine,UKR,Ukraine,2003-08-10
Bronze Medal,OKA Shinnosuke,Male,JPN,Japan,JPN,Japan,2003-10-31
Gold Medal,D'AMATO Alice,Female,ITA,Italy,ITA,Italy,2003-02-07
Silver Medal,ZHOU Yaqin,Female,CHN,China,CHN,China,2005-11-12
Bronze Medal,ESPOSITO Manila,Female,ITA,Italy,ITA,Italy,2006-11-02
Gold Medal,ANDRADE Rebeca,Female,BRA,Brazil,BRA,Brazil,1999-05-08
Silver Medal,BILES Simone,Female,USA,United States,USA,United States,1997-03-14
Bronze Medal,BARBOSU Ana,Female,ROU,Romania,ROU,Romania,2006-07-26
Gold Medal,DUPLANTIS Armand,Male,SWE,Sweden,SWE,Sweden,1999-11-10
Silver Medal,KENDRICKS Sam,Male,USA,United States,USA,United States,1992-09-07
Bronze Medal,KARALIS Emmanouil,Male,GRE,Greece,GRE,Greece,1999-10-20
Gold Medal,CHEBET Beatrice,Female,KEN,Kenya,KEN,Kenya,2000-03-05
Silver Medal,KIPYEGON Faith,Female,KEN,Kenya,KEN,Kenya,1994-01-10
Bronze Medal,HASSAN Sifan,Female,NED,Netherlands,NED,Netherlands,1993-01-01
Gold Medal,HODGKINSON Keely,Female,GBR,Great Britain,GBR,Great Britain,2002-03-03
Silver Medal,DUGUMA Tsige,Female,ETH,Ethiopia,ETH,Ethiopia,2001-02-23
Bronze Medal,MORAA Mary,Female,KEN,Kenya,KEN,Kenya,2000-06-15
Gold Medal,ALLMAN Valarie,Female,USA,United States,USA,United States,1995-02-23
Silver Medal,FENG Bin,Female,CHN,China,CHN,China,1994-04-03
Bronze Medal,ELKASEVIC Sandra,Female,CRO,Croatia,CRO,Croatia,1990-06-21
Gold Medal,AXELSEN Viktor,Male,DEN,Denmark,DEN,Denmark,1994-01-04
Silver Medal,VITIDSARN Kunlavut,Male,THA,Thailand,THA,Thailand,2001-05-11
Bronze Medal,LEE Zii Jia,Male,MAS,Malaysia,MAS,Malaysia,1998-03-29
Gold Medal,AN Se Young,Female,KOR,Korea,KOR,Korea,2002-02-05
Silver Medal,HE Bing Jiao,Female,CHN,China,CHN,China,1997-03-21
Gold Medal,BUTCHER Finn,Male,NZL,New Zealand,NZL,New Zealand,1995-03-17
Silver Medal,CLARKE Joseph,Male,GBR,Great Britain,GBR,Great Britain,1992-11-03
Bronze Medal,HEGGE Noah,Male,GER,Germany,GER,Germany,1999-03-15
Gold Medal,FOX Noemie,Female,AUS,Australia,AUS,Australia,1997-03-19
Silver Medal,HUG Angele,Female,FRA,France,FRA,France,2000-07-30
Bronze Medal,WOODS Kimberley,Female,GBR,Great Britain,GBR,Great Britain,1995-09-08
Gold Medal,LI Yuehong,Male,CHN,China,CHN,China,1989-08-28
Silver Medal,CHO Yeongjae,Male,KOR,Korea,KOR,Korea,1999-01-15
Bronze Medal,WANG Xinjie,Male,CHN,China,CHN,China,1996-10-24
Gold Medal,VAAST Kauli,Male,FRA,France,FRA,France,2002-02-26
Silver Medal,ROBINSON Jack,Male,AUS,Australia,AUS,Australia,1997-12-27
Bronze Medal,MEDINA Gabriel,Male,BRA,Brazil,BRA,Brazil,1993-12-22
Gold Medal,MARKS Caroline,Female,USA,United States,USA,United States,2002-02-14
Silver Medal,WESTON-WEBB Tatiana,Female,BRA,Brazil,BRA,Brazil,1996-05-09
Bronze Medal,DEFAY Johanne,Female,FRA,France,FRA,France,1993-11-19
Gold Medal,HOCKER Cole,Male,USA,United States,USA,United States,2001-06-06
Silver Medal,KERR Josh,Male,GBR,Great Britain,GBR,Great Britain,1997-10-08
Bronze Medal,NUGUSE Yared,Male,USA,United States,USA,United States,1999-06-01
Gold Medal,TENTOGLOU Miltiadis,Male,GRE,Greece,GRE,Greece,1998-03-18
Silver Medal,PINNOCK Wayne,Male,JAM,Jamaica,JAM,Jamaica,2000-10-24
Bronze Medal,FURLANI Mattia,Male,ITA,Italy,ITA,Italy,2005-02-07
Gold Medal,THOMAS Gabrielle,Female,USA,United States,USA,United States,1996-12-07
Silver Medal,ALFRED Julien,Female,LCA,Saint Lucia,LCA,Saint Lucia,2001-06-10
Bronze Medal,BROWN Brittany,Female,USA,United States,USA,United States,1995-04-18
Gold Medal,YAVI Winfred,Female,BRN,Bahrain,BRN,Bahrain,1999-12-31
Silver Medal,CHEMUTAI Peruth,Female,UGA,Uganda,UGA,Uganda,1999-07-10
Bronze Medal,CHEROTICH Faith,Female,KEN,Kenya,KEN,Kenya,2004-07-13
Gold Medal,ROGERS Camryn,Female,CAN,Canada,CAN,Canada,1999-06-07
Silver Medal,ECHIKUNWOKE Annette Nneka,Female,USA,United States,USA,United States,1996-07-29
Bronze Medal,ZHAO Jie,Female,CHN,China,CHN,China,2002-10-13
Bronze Medal,JONES Omari,Male,USA,United States,USA,United States,2002-11-07
Bronze Medal,RICHARDSON Lewis,Male,GBR,Great Britain,GBR,Great Britain,1997-06-04
Bronze Medal,KYZAIBAY Nazym,Female,KAZ,Kazakhstan,KAZ,Kazakhstan,1993-09-14
Bronze Medal,VILLEGAS Aira,Female,PHI,Philippines,PHI,Philippines,1995-08-01
Gold Medal,HARRINGTON Kellie,Female,IRL,Ireland,IRL,Ireland,1989-12-11
Silver Medal,YANG Wenlu,Female,CHN,China,CHN,China,1991-01-13
Bronze Medal,SUWANNAPHENG Janjaem,Female,THA,Thailand,THA,Thailand,2000-09-25
Bronze Medal,CHEN Nien Chin,Female,TPE,Chinese Taipei,TPE,Chinese Taipei,1997-05-10
Gold Medal,QUAN Hongchan,Female,CHN,China,CHN,China,2007-03-28
Silver Medal,CHEN Yuxi,Female,CHN,China,CHN,China,2005-09-11
Bronze Medal,KIM Mi Rae,Female,PRK,DPR Korea,PRK,DPR Korea,2001-04-07
Gold Medal,KUKUK Christian,Male,GER,Germany,GER,Germany,1990-03-04
Silver Medal,GUERDAT Steve,Male,SUI,Switzerland,SUI,Switzerland,1982-06-10
Bronze Medal,van der VLEUTEN Maikel,Male,NED,Netherlands,NED,Netherlands,1988-02-10
Gold Medal,TREW Arisa,Female,AUS,Australia,AUS,Australia,2010-05-12
Silver Medal,HIRAKI Cocona,Female,JPN,Japan,JPN,Japan,2008-08-26
Bronze Medal,BROWN Sky,Female,GBR,Great Britain,GBR,Great Britain,2008-07-07
Gold Medal,LOPEZ NUNEZ Mijain,Male,CUB,Cuba,CUB,Cuba,1982-08-20
Silver Medal,ACOSTA FERNANDEZ Yasmani,Male,CHI,Chile,CHI,Chile,1988-07-16
Bronze Medal,MIRZAZADEH Amin,Male,IRI,IR Iran,IRI,IR Iran,1998-01-08
Bronze Medal,MENG Lingzhe,Male,CHN,China,CHN,China,1998-04-16
Gold Medal,FUMITA Kenichiro,Male,JPN,Japan,JPN,Japan,1995-12-18
Silver Medal,CAO Liguo,Male,CHN,China,CHN,China,1998-10-04
Bronze Medal,SHARSHENBEKOV Zholaman,Male,KGZ,Kyrgyzstan,KGZ,Kyrgyzstan,1999-09-29
Bronze Medal,RI Se Ung,Male,PRK,DPR Korea,PRK,DPR Korea,1998-12-22
Gold Medal,ELOR Amit,Female,USA,United States,USA,United States,2004-01-01
Silver Medal,ZHUMANAZAROVA Meerim,Female,KGZ,Kyrgyzstan,KGZ,Kyrgyzstan,1999-11-09
Bronze Medal,CAVUSOGLU TOSUN Buse,Female,TUR,Türkiye,TUR,Türkiye,1995-12-05
Bronze Medal,OZAKI Nonoka,Female,JPN,Japan,JPN,Japan,2003-03-23
Gold Medal,EL BAKKALI Soufiane,Male,MAR,Morocco,MAR,Morocco,1996-01-07
Silver Medal,ROOKS Kenneth,Male,USA,United States,USA,United States,1999-10-21
Bronze Medal,KIBIWOT Abraham,Male,KEN,Kenya,KEN,Kenya,1996-04-06
Gold Medal,HALL Quincy,Male,USA,United States,USA,United States,1998-07-31
Silver Medal,HUDSON-SMITH Matthew,Male,GBR,Great Britain,GBR,Great Britain,1994-10-26
Bronze Medal,SAMUKONGA Muzala,Male,ZAM,Zambia,ZAM,Zambia,2002-12-09
Gold Medal,STONA Roje,Male,JAM,Jamaica,JAM,Jamaica,1999-02-26
Silver Medal,ALEKNA Mykolas,Male,LTU,Lithuania,LTU,Lithuania,2002-09-28
Bronze Medal,DENNY Matthew,Male,AUS,Australia,AUS,Australia,1996-06-02
Gold Medal,KENNEDY Nina,Female,AUS,Australia,AUS,Australia,1997-04-05
Silver Medal,MOON Katie,Female,USA,United States,USA,United States,1991-06-13
Bronze Medal,NEWMAN Alysha,Female,CAN,Canada,CAN,Canada,1994-06-29
Bronze Medal,TIAFACK Nelvie Raman,Male,GER,Germany,GER,Germany,1999-01-03
Bronze Medal,ABOUDOU MOINDZE Djamili-Dini,Male,FRA,France,FRA,France,1996-02-16
Gold Medal,ALVAREZ BORGES Erislandy,Male,CUB,Cuba,CUB,Cuba,2000-07-14
Silver Medal,OUMIHA Sofiane,Male,FRA,France,FRA,France,1994-12-23
Gold Medal,KHYZHNIAK Oleksandr,Male,UKR,Ukraine,UKR,Ukraine,1995-08-03
Silver Medal,ORALBAY Nurbek,Male,KAZ,Kazakhstan,KAZ,Kazakhstan,2000-06-11
Bronze Medal,YILDIZ KAHRAMAN Esra,Female,TUR,Türkiye,TUR,Türkiye,1997-07-04
Bronze Medal,PETECIO Nesthy,Female,PHI,Philippines,PHI,Philippines,1992-04-11
Gold Medal,WEARN Matt,Male,AUS,Australia,AUS,Australia,1995-09-30
Silver Medal,KONTIDES Pavlos,Male,CYP,Cyprus,CYP,Cyprus,1990-02-11
Bronze Medal,PESCHIERA Stefano,Male,PER,Peru,PER,Peru,1995-01-16
Gold Medal,BOUWMEESTER Marit,Female,NED,Netherlands,NED,Netherlands,1988-06-17
Silver Medal,RINDOM Anne-Marie,Female,DEN,Denmark,DEN,Denmark,1991-06-14
Bronze Medal,HOEST Line Flem,Female,NOR,Norway,NOR,Norway,1995-11-10
Gold Medal,PALMER Keegan,Male,AUS,Australia,AUS,Australia,2003-03-13
Silver Medal,SCHAAR Tom,Male,USA,United States,USA,United States,1999-09-14
Bronze Medal,AKIO Augusto,Male,BRA,Brazil,BRA,Brazil,2000-12-12
Gold Medal,MIROSLAW Aleksandra,Female,POL,Poland,POL,Poland,1994-02-02
Silver Medal,DENG Lijuan,Female,CHN,China,CHN,China,2000-05-12
Bronze Medal,KALUCKA Aleksandra,Female,POL,Poland,POL,Poland,2001-12-25
Gold Medal,PARK Taejoon,Male,KOR,Korea,KOR,Korea,2004-06-06
Silver Medal,MAGOMEDOV Gashim,Male,AZE,Azerbaijan,AZE,Azerbaijan,1999-09-22
Bronze Medal,RAVET Cyrian,Male,FRA,France,FRA,France,2002-09-05
Bronze Medal,JENDOUBI Mohamed Khalil,Male,TUN,Tunisia,TUN,Tunisia,2002-06-01
Gold Medal,WONGPATTANAKIT Panipak,Female,THA,Thailand,THA,Thailand,1997-08-08
Silver Medal,GUO Qing,Female,CHN,China,CHN,China,2000-05-16
Bronze Medal,NEMATZADEH Mobina,Female,IRI,IR Iran,IRI,IR Iran,2005-05-17
Bronze Medal,STOJKOVIC Lena,Female,CRO,Croatia,CRO,Croatia,2002-01-03
Gold Medal,LI Fabin,Male,CHN,China,CHN,China,1993-01-15
Silver Medal,SILACHAI Theerapong,Male,THA,Thailand,THA,Thailand,2003-11-19
Bronze Medal,MORRIS Hampton,Male,USA,United States,USA,United States,2004-02-17
Gold Medal,HOU Zhihui,Female,CHN,China,CHN,China,1997-03-18
Silver Medal,CAMBEI Mihaela Valentina,Female,ROU,Romania,ROU,Romania,2002-11-18
Bronze Medal,KHAMBAO Surodchana,Female,THA,Thailand,THA,Thailand,1999-12-23
Gold Medal,KUSAKA Nao,Male,JPN,Japan,JPN,Japan,2000-11-28
Silver Medal,ZHADRAYEV Demeu,Male,KAZ,Kazakhstan,KAZ,Kazakhstan,1989-11-02
Bronze Medal,AMOYAN Malkhas,Male,ARM,Armenia,ARM,Armenia,1999-01-22
Bronze Medal,MAKHMUDOV Akzhol,Male,KGZ,Kyrgyzstan,KGZ,Kyrgyzstan,1999-04-15
Gold Medal,SARAVI Mohammadhadi,Male,IRI,IR Iran,IRI,IR Iran,1998-01-06
Silver Medal,ALEKSANYAN Artur,Male,ARM,Armenia,ARM,Armenia,1991-10-21
Bronze Medal,ROSILLO KINDELAN Gabriel Alejandro,Male,CUB,Cuba,CUB,Cuba,1999-01-04
Bronze Medal,DZHUZUPBEKOV Uzur,Male,KGZ,Kyrgyzstan,KGZ,Kyrgyzstan,1996-04-12
Gold Medal,HILDEBRANDT Sarah Ann,Female,USA,United States,USA,United States,1993-09-23
Silver Medal,GUZMAN LOPEZ Yusneylis,Female,CUB,Cuba,CUB,Cuba,1996-08-08
Bronze Medal,SUSAKI Yui,Female,JPN,Japan,JPN,Japan,1999-06-30
Bronze Medal,FENG Ziqi,Female,CHN,China,CHN,China,1999-06-29
Gold Medal,HOLLOWAY Grant,Male,USA,United States,USA,United States,1997-11-19
Silver Medal,ROBERTS Daniel,Male,USA,United States,USA,United States,1997-11-13
Bronze Medal,BROADBELL Rasheed,Male,JAM,Jamaica,JAM,Jamaica,2000-08-13
Gold Medal,TEBOGO Letsile,Male,BOT,Botswana,BOT,Botswana,2003-06-07
Silver Medal,BEDNAREK Kenneth,Male,USA,United States,USA,United States,1998-10-14
Bronze Medal,LYLES Noah,Male,USA,United States,USA,United States,1997-07-18
Gold Medal,NADEEM Arshad,Male,PAK,Pakistan,PAK,Pakistan,1997-01-02
Silver Medal,CHOPRA Neeraj,Male,IND,India,IND,India,1997-12-24
Bronze Medal,PETERS Anderson,Male,GRN,Grenada,GRN,Grenada,1997-10-21
Gold Medal,McLAUGHLIN-LEVRONE Sydney,Female,USA,United States,USA,United States,1999-08-07
Silver Medal,COCKRELL Anna,Female,USA,United States,USA,United States,1997-08-28
Bronze Medal,BOL Femke,Female,NED,Netherlands,NED,Netherlands,2000-02-23
Gold Medal,DAVIS-WOODHALL Tara,Female,USA,United States,USA,United States,1999-05-20
Silver Medal,MIHAMBO Malaika,Female,GER,Germany,GER,Germany,1994-02-03
Bronze Medal,MOORE Jasmine,Female,USA,United States,USA,United States,2001-05-01
Gold Medal,DUSMATOV Hasanboy,Male,UZB,Uzbekistan,UZB,Uzbekistan,1993-06-24
Silver Medal,BENNAMA Billal,Male,FRA,France,FRA,France,1998-06-14
Bronze Medal,SENIOR Charlie,Male,AUS,Australia,AUS,Australia,2001-11-20
Bronze Medal,IBANEZ DIAZ Javier,Male,BUL,Bulgaria,BUL,Bulgaria,1996-07-14
Gold Medal,CHANG Yuan,Female,CHN,China,CHN,China,1997-06-24
Silver Medal,AKBAS Hatice,Female,TUR,Türkiye,TUR,Türkiye,2001-06-24
Bronze Medal,PARKER Caitlin,Female,AUS,Australia,AUS,Australia,1996-04-17
Bronze Medal,DJANKEU NGAMBA Cindy Winner,Female,EOR,EOR,CMR,Cameroon,1998-09-07
Gold Medal,THOMAS Benjamin,Male,FRA,France,FRA,France,1995-09-12
Silver Medal,LEITAO Iuri,Male,POR,Portugal,POR,Portugal,1998-07-03
Bronze Medal,van den BOSSCHE Fabio,Male,BEL,Belgium,BEL,Belgium,2000-09-21
Gold Medal,ANDREWS Ellesse,Female,NZL,New Zealand,NZL,New Zealand,1999-12-31
Silver Medal,van de WOUW Hetty,Female,NED,Netherlands,NED,Netherlands,1998-05-29
Bronze Medal,FINUCANE Emma,Female,GBR,Great Britain,GBR,Great Britain,2002-12-22
Gold Medal,XIE Siyi,Male,CHN,China,CHN,China,1996-03-28
Silver Medal,WANG Zongyuan,Male,CHN,China,CHN,China,2001-10-24
Bronze Medal,OLVERA IBARRA Osmar,Male,MEX,Mexico,MEX,Mexico,2004-06-05
Gold Medal,van ROUWENDAAL Sharon,Female,NED,Netherlands,NED,Netherlands,1993-09-09
Silver Medal,JOHNSON Moesha,Female,AUS,Australia,AUS,Australia,1997-09-19
Bronze Medal,TADDEUCCI Ginevra,Female,ITA,Italy,ITA,Italy,1997-05-03
Gold Medal,ALDRIDGE Eleanor,Female,GBR,Great Britain,GBR,Great Britain,1996-12-29
Silver Medal,NOLOT Lauriane,Female,FRA,France,FRA,France,1998-12-09
Bronze Medal,LAMMERTS Annelous,Female,NED,Netherlands,NED,Netherlands,1993-11-01
Gold Medal,LEONARDO Veddriq,Male,INA,Indonesia,INA,Indonesia,1997-03-11
Silver Medal,WU Peng,Male,CHN,China,CHN,China,2002-10-15
Bronze Medal,WATSON Sam,Male,USA,United States,USA,United States,2006-02-27
Gold Medal,RASHITOV Ulugbek,Male,UZB,Uzbekistan,UZB,Uzbekistan,2002-03-23
Silver Medal,KAREEM Zaid,Male,JOR,Jordan,JOR,Jordan,2001-06-19
Bronze Medal,LIANG Yushuai,Male,CHN,China,CHN,China,2000-09-10
Bronze Medal,PONTES Edival,Male,BRA,Brazil,BRA,Brazil,1997-10-11
Gold Medal,KIM Yujin,Female,KOR,Korea,KOR,Korea,2000-10-17
Silver Medal,KIYANICHANDEH Nahid,Female,IRI,IR Iran,IRI,IR Iran,1998-08-01
Bronze Medal,PARK Skylar,Female,CAN,Canada,CAN,Canada,1999-06-06
Bronze Medal,KIMIA Alizadeh,Female,BUL,Bulgaria,BUL,Bulgaria,1998-07-10
Gold Medal,JUNIANSYAH Rizki,Male,INA,Indonesia,INA,Indonesia,2003-06-17
Silver Medal,WICHUMA Weeraphon,Male,THA,Thailand,THA,Thailand,2004-08-10
Bronze Medal,ANDREEV Bozhidar Dimitrov,Male,BUL,Bulgaria,BUL,Bulgaria,1997-01-17
Gold Medal,LUO Shifang,Female,CHN,China,CHN,China,2001-04-02
Silver Medal,CHARRON Maude,Female,CAN,Canada,CAN,Canada,1993-04-28
Bronze Medal,KUO Hsing-Chun,Female,TPE,Chinese Taipei,TPE,Chinese Taipei,1993-11-26
Gold Medal,ESMAEILI LEIVESI Saeid,Male,IRI,IR Iran,IRI,IR Iran,2003-07-15
Silver Medal,NASIBOV Parviz,Male,UKR,Ukraine,UKR,Ukraine,1998-08-18
Bronze Medal,JAFAROV Hasrat,Male,AZE,Azerbaijan,AZE,Azerbaijan,2002-10-05
Bronze Medal,ORTA SANCHEZ Luis Alberto,Male,CUB,Cuba,CUB,Cuba,1994-08-22
Gold Medal,NOVIKOV Semen Sergeevich,Male,BUL,Bulgaria,BUL,Bulgaria,1997-12-11
Silver Medal,MOHMADIPIANI Alireza,Male,IRI,IR Iran,IRI,IR Iran,2002-10-30
Bronze Medal,BELENIUK Zhan,Male,UKR,Ukraine,UKR,Ukraine,1991-01-24
Bronze Medal,BISULTANOV Turpal Ali,Male,DEN,Denmark,DEN,Denmark,2001-10-14
Gold Medal,FUJINAMI Akari,Female,JPN,Japan,JPN,Japan,2003-11-11
Silver Medal,YEPEZ GUZMAN Lucia Yamileth,Female,ECU,Ecuador,ECU,Ecuador,2001-02-18
Bronze Medal,CHOE Hyo Gyong,Female,PRK,DPR Korea,PRK,DPR Korea,2000-05-10
Bronze Medal,PANG Qianyu,Female,CHN,China,CHN,China,1996-11-13
Gold Medal,BENJAMIN Rai,Male,USA,United States,USA,United States,1997-07-27
Silver Medal,WARHOLM Karsten,Male,NOR,Norway,NOR,Norway,1996-02-28
Bronze Medal,dos SANTOS Alison,Male,BRA,Brazil,BRA,Brazil,2000-06-03
Gold Medal,DIAZ FORTUN Jordan Alejandro,Male,ESP,Spain,ESP,Spain,2001-02-23
Silver Medal,PICHARDO Pedro,Male,POR,Portugal,POR,Portugal,1993-06-30
Bronze Medal,DIAZ HERNANDEZ Andy,Male,ITA,Italy,ITA,Italy,1995-12-25
Gold Medal,CHEBET Beatrice,Female,KEN,Kenya,KEN,Kenya,2000-03-05
Silver Medal,BATTOCLETTI Nadia,Female,ITA,Italy,ITA,Italy,2000-04-12
Bronze Medal,HASSAN Sifan,Female,NED,Netherlands,NED,Netherlands,1993-01-01
Gold Medal,PAULINO Marileidy,Female,DOM,Dominican Republic,DOM,Dominican Republic,1996-10-25
Silver Medal,NASER Salwa Eid,Female,BRN,Bahrain,BRN,Bahrain,1998-05-23
Bronze Medal,KACZMAREK Natalia,Female,POL,Poland,POL,Poland,1998-01-17
Gold Medal,OGUNLEYE Yemisi,Female,GER,Germany,GER,Germany,1998-10-03
Silver Medal,WESCHE Maddison-Lee,Female,NZL,New Zealand,NZL,New Zealand,1999-06-13
Bronze Medal,SONG Jiayuan,Female,CHN,China,CHN,China,1997-09-15
Gold Medal,MUYDINKHUJAEV Asadkhuja,Male,UZB,Uzbekistan,UZB,Uzbekistan,2001-05-08
Silver Medal,VERDE ALVAREZ Marco Alonso,Male,MEX,Mexico,MEX,Mexico,2002-02-11
Gold Medal,MULLOJONOV Lazizbek,Male,UZB,Uzbekistan,UZB,Uzbekistan,1999-05-13
Silver Medal,ALFONSO DOMINGUEZ Loren Berto,Male,AZE,Azerbaijan,AZE,Azerbaijan,1995-07-28
Gold Medal,WU Yu,Female,CHN,China,CHN,China,1995-01-13
Silver Medal,CAKIROGLU Buse Naz,Female,TUR,Türkiye,TUR,Türkiye,1996-05-26
Gold Medal,KHELIF Imane,Female,ALG,Algeria,ALG,Algeria,1999-05-02
Silver Medal,YANG Liu,Female,CHN,China,CHN,China,1992-05-20
Gold Medal,AMI,Female,JPN,Japan,JPN,Japan,1998-12-11
Silver Medal,NICKA,Female,LTU,Lithuania,LTU,Lithuania,2007-06-08
Bronze Medal,671,Female,CHN,China,CHN,China,2005-10-19
Gold Medal,FUKSA Martin,Male,CZE,Czechia,CZE,Czechia,1993-04-30
Silver Medal,QUEIROZ Isaquias,Male,BRA,Brazil,BRA,Brazil,1994-01-03
Bronze Medal,TARNOVSCHI Serghei,Male,MDA,Republic of Moldova,MDA,Republic of Moldova,1997-06-24
Gold Medal,LAVREYSEN Harrie,Male,NED,Netherlands,NED,Netherlands,1997-03-14
Silver Medal,RICHARDSON Matthew,Male,AUS,Australia,AUS,Australia,1999-04-17
Bronze Medal,CARLIN Jack,Male,GBR,Great Britain,GBR,Great Britain,1997-04-23
Gold Medal,CHEN Yiwen,Female,CHN,China,CHN,China,1999-06-15
Silver Medal,KEENEY Maddison,Female,AUS,Australia,AUS,Australia,1996-05-23
Bronze Medal,CHANG Yani,Female,CHN,China,CHN,China,2001-12-07
Gold Medal,RASOVSZKY Kristof,Male,HUN,Hungary,HUN,Hungary,1997-03-27
Silver Medal,KLEMET Oliver,Male,GER,Germany,GER,Germany,2002-03-18
Bronze Medal,BETLEHEM David,Male,HUN,Hungary,HUN,Hungary,2003-09-04
Gold Medal,BONTUS Valentin,Male,AUT,Austria,AUT,Austria,2001-02-01
Silver Medal,VODISEK Toni,Male,SLO,Slovenia,SLO,Slovenia,2000-06-07
Bronze Medal,MAEDER Maximilian,Male,SGP,Singapore,SGP,Singapore,2006-09-12
Gold Medal,ROBERTS Toby,Male,GBR,Great Britain,GBR,Great Britain,2005-03-15
Silver Medal,ANRAKU Sorato,Male,JPN,Japan,JPN,Japan,2006-11-14
Bronze Medal,SCHUBERT Jakob,Male,AUT,Austria,AUT,Austria,1990-12-31
Gold Medal,KATOUSSI Firas,Male,TUN,Tunisia,TUN,Tunisia,1995-09-06
Silver Medal,BARKHORDARI Mehran,Male,IRI,IR Iran,IRI,IR Iran,2000-07-26
Bronze Medal,ALESSIO Simone,Male,ITA,Italy,ITA,Italy,2000-04-14
Bronze Medal,HRNIC Edi,Male,DEN,Denmark,DEN,Denmark,2003-12-26
Gold Medal,MARTON Viviana,Female,HUN,Hungary,HUN,Hungary,2006-02-16
Silver Medal,PERISIC Aleksandra,Female,SRB,Serbia,SRB,Serbia,2002-07-02
Bronze Medal,TEACHOUT Kristina,Female,USA,United States,USA,United States,2005-09-13
Bronze Medal,CHAARI Sarah,Female,BEL,Belgium,BEL,Belgium,2005-05-02
Gold Medal,NASAR Karlos May,Male,BUL,Bulgaria,BUL,Bulgaria,2004-05-12
Silver Medal,LOPEZ Yeison,Male,COL,Colombia,COL,Colombia,1999-09-01
Bronze Medal,PIZZOLATO Antonino,Male,ITA,Italy,ITA,Italy,1996-08-20
Gold Medal,REEVES Olivia,Female,USA,United States,USA,United States,2003-04-19
Silver Medal,SANCHEZ Mari Leivis,Female,COL,Colombia,COL,Colombia,1991-10-08
Bronze Medal,PALACIOS DAJOMES Angie Paola,Female,ECU,Ecuador,ECU,Ecuador,2000-09-12
Gold Medal,HIGUCHI Rei,Male,JPN,Japan,JPN,Japan,1996-01-28
Silver Medal,LEE Spencer Richard,Male,USA,United States,USA,United States,1998-10-14
Bronze Medal,AMAN Aman,Male,IND,India,IND,India,2003-07-16
Bronze Medal,ABDULLAEV Gulomjon,Male,UZB,Uzbekistan,UZB,Uzbekistan,1998-11-11
Gold Medal,RAMAZANOV Magomed Eldarovitch,Male,BUL,Bulgaria,BUL,Bulgaria,1993-05-22
Silver Medal,YAZDANICHARATI Hassan,Male,IRI,IR Iran,IRI,IR Iran,1994-12-26
Bronze Medal,BROOKS Aaron Marquel,Male,USA,United States,USA,United States,2000-06-15
Bronze Medal,KURUGLIEV Dauren,Male,GRE,Greece,GRE,Greece,1992-07-12
Gold Medal,SAKURAI Tsugumi,Female,JPN,Japan,JPN,Japan,2001-09-03
Silver Medal,NICHITA Anastasia,Female,MDA,Republic of Moldova,MDA,Republic of Moldova,1999-02-19
Bronze Medal,MAROULIS Helen Louise,Female,USA,United States,USA,United States,1991-09-19
Bronze Medal,HONG Kexin,Female,CHN,China,CHN,China,2003-01-06
Gold Medal,INGEBRIGTSEN Jakob,Male,NOR,Norway,NOR,Norway,2000-09-19
Silver Medal,KWEMOI Ronald,Male,KEN,Kenya,KEN,Kenya,1995-09-19
Bronze Medal,FISHER Grant,Male,USA,United States,USA,United States,1997-04-22
Gold Medal,WANYONYI Emmanuel,Male,KEN,Kenya,KEN,Kenya,2004-08-01
Silver Medal,AROP Marco,Male,CAN,Canada,CAN,Canada,1998-09-20
Bronze Medal,SEDJATI Djamel,Male,ALG,Algeria,ALG,Algeria,1999-05-03
Gold Medal,KERR Hamish,Male,NZL,New Zealand,NZL,New Zealand,1996-08-17
Silver Medal,McEWEN Shelby,Male,USA,United States,USA,United States,1996-04-06
Bronze Medal,BARSHIM Mutaz Essa,Male,QAT,Qatar,QAT,Qatar,1991-06-24
Gold Medal,TOLA Tamirat,Male,ETH,Ethiopia,ETH,Ethiopia,1991-08-11
Silver Medal,ABDI Bashir,Male,BEL,Belgium,BEL,Belgium,1989-02-10
Bronze Medal,KIPRUTO Benson,Male,KEN,Kenya,KEN,Kenya,1991-03-17
Gold Medal,RUSSELL Masai,Female,USA,United States,USA,United States,2000-06-17
Silver Medal,SAMBA-MAYELA Cyrena,Female,FRA,France,FRA,France,2000-10-31
Bronze Medal,CAMACHO-QUINN Jasmine,Female,PUR,Puerto Rico,USA,United States,1996-08-21
Gold Medal,KIPYEGON Faith,Female,KEN,Kenya,KEN,Kenya,1994-01-10
Silver Medal,HULL Jessica,Female,AUS,Australia,AUS,Australia,1996-10-22
Bronze Medal,BELL Georgia,Female,GBR,Great Britain,GBR,Great Britain,1993-10-17
Gold Medal,KITAGUCHI Haruka,Female,JPN,Japan,JPN,Japan,1998-03-16
Silver Medal,van DYK Jo-Ane,Female,RSA,South Africa,RSA,South Africa,1997-10-03
Bronze Medal,OGRODNIKOVA Nikola,Female,CZE,Czechia,CZE,Czechia,1990-08-18
Gold Medal,JALOLOV Bakhodir,Male,UZB,Uzbekistan,UZB,Uzbekistan,1994-07-08
Silver Medal,GHADFA DRISSI EL AISSAOUI Ayoub,Male,ESP,Spain,ESP,Spain,1998-12-06
Gold Medal,KHALOKOV Abdumalik,Male,UZB,Uzbekistan,UZB,Uzbekistan,2000-04-09
Silver Medal,SEIITBEK UULU Munarbek,Male,KGZ,Kyrgyzstan,KGZ,Kyrgyzstan,1996-01-01
Gold Medal,LIN Yu Ting,Female,TPE,Chinese Taipei,TPE,Chinese Taipei,1995-12-13
Silver Medal,SZEREMETA Julia,Female,POL,Poland,POL,Poland,2003-08-24
Gold Medal,LI Qian,Female,CHN,China,CHN,China,1990-06-06
Silver Medal,BYLON Atheyna Bibeichi,Female,PAN,Panama,PAN,Panama,1989-04-06
Gold Medal,PHIL WIZARD,Male,CAN,Canada,CAN,Canada,1997-01-25
Silver Medal,DANY DANN,Male,FRA,France,FRA,France,1988-05-03
Bronze Medal,VICTOR,Male,USA,United States,USA,United States,1994-05-01
Gold Medal,DOSTAL Josef,Male,CZE,Czechia,CZE,Czechia,1993-03-03
Silver Medal,VARGA Adam,Male,HUN,Hungary,HUN,Hungary,1999-11-20
Bronze Medal,KOPASZ Balint,Male,HUN,Hungary,HUN,Hungary,1997-06-20
Gold Medal,VINCENT Katie,Female,CAN,Canada,CAN,Canada,1996-03-12
Silver Medal,HARRISON Nevin,Female,USA,United States,USA,United States,2002-06-02
Bronze Medal,CIRILO DUBOYS Yarisleidis,Female,CUB,Cuba,CUB,Cuba,2002-05-10
Gold Medal,CARRINGTON Lisa,Female,NZL,New Zealand,NZL,New Zealand,1989-06-23
Silver Medal,CSIPES Tamara,Female,HUN,Hungary,HUN,Hungary,1989-08-24
Bronze Medal,JORGENSEN Emma Aastrand,Female,DEN,Denmark,DEN,Denmark,1996-01-30
Gold Medal,CAO Yuan,Male,CHN,China,CHN,China,1995-02-07
Silver Medal,TAMAI Rikuto,Male,JPN,Japan,JPN,Japan,2006-09-11
Bronze Medal,WILLIAMS Noah,Male,GBR,Great Britain,GBR,Great Britain,2000-05-15
Gold Medal,KO Lydia,Female,NZL,New Zealand,NZL,New Zealand,1997-04-24
Silver Medal,HENSELEIT Esther,Female,GER,Germany,GER,Germany,1999-01-14
Bronze Medal,LIN Xiyu Janet,Female,CHN,China,CHN,China,1996-02-25
Gold Medal,ELGENDY Ahmed,Male,EGY,Egypt,EGY,Egypt,2000-03-01
Silver Medal,SATO Taishu,Male,JPN,Japan,JPN,Japan,1993-10-20
Bronze Medal,MALAN Giorgio,Male,ITA,Italy,ITA,Italy,2000-01-27
Gold Medal,GARNBRET Janja,Female,SLO,Slovenia,SLO,Slovenia,1999-03-12
Silver Medal,RABOUTOU Brooke,Female,USA,United States,USA,United States,2001-04-09
Bronze Medal,PILZ Jessica,Female,AUT,Austria,AUT,Austria,1996-11-22
Gold Medal,SALIMI Arian,Male,IRI,IR Iran,IRI,IR Iran,2003-12-16
Silver Medal,CUNNINGHAM Caden,Male,GBR,Great Britain,GBR,Great Britain,2003-05-07
Bronze Medal,ALBA Rafael,Male,CUB,Cuba,CUB,Cuba,1993-08-12
Bronze Medal,CISSE Cheick Sallah,Male,CIV,Côte d'Ivoire,CIV,Côte d'Ivoire,1993-09-19
Gold Medal,LAURIN Althea,Female,FRA,France,FRA,France,2001-09-01
Silver Medal,OSIPOVA Svetlana,Female,UZB,Uzbekistan,UZB,Uzbekistan,2000-05-03
Bronze Medal,LEE Dabin,Female,KOR,Korea,KOR,Korea,1996-12-07
Bronze Medal,KUS AYDIN Nafia,Female,TUR,Türkiye,TUR,Türkiye,1995-02-20
Gold Medal,TALAKHADZE Lasha,Male,GEO,Georgia,GEO,Georgia,1993-10-02
Silver Medal,LALAYAN Varazdat,Male,ARM,Armenia,ARM,Armenia,1999-05-01
Bronze Medal,MINASYAN Gor,Male,BRN,Bahrain,BRN,Bahrain,1994-10-25
Gold Medal,LIU Huanhua,Male,CHN,China,CHN,China,2001-08-20
Silver Medal,DJURAEV Akbar,Male,UZB,Uzbekistan,UZB,Uzbekistan,1999-10-08
Bronze Medal,TSIKHANTSOU Yauheni,Male,AIN,AIN,BLR,Belarus,1998-11-04
Gold Medal,KOANDA Solfrid Eila Amena,Female,NOR,Norway,NOR,Norway,1998-11-13
Silver Medal,AHMED Sara,Female,EGY,Egypt,EGY,Egypt,1998-01-01
Bronze Medal,DAJOMES BARRERA Neisi Patricia,Female,ECU,Ecuador,ECU,Ecuador,1998-05-12
Gold Medal,PETRIASHVILI Geno,Male,GEO,Georgia,GEO,Georgia,1994-04-01
Silver Medal,ZARE Amir Hossein,Male,IRI,IR Iran,IRI,IR Iran,2001-01-16
Bronze Medal,AKGUL Taha,Male,TUR,Türkiye,TUR,Türkiye,1990-11-22
Bronze Medal,MESHVILDISHVILI Giorgi,Male,AZE,Azerbaijan,AZE,Azerbaijan,1992-05-13
Gold Medal,JAMALOV Razambek Salambekovitch,Male,UZB,Uzbekistan,UZB,Uzbekistan,1998-06-01
Silver Medal,TAKATANI Daichi,Male,JPN,Japan,JPN,Japan,1994-11-22
Bronze Medal,DAKE Kyle Douglas,Male,USA,United States,USA,United States,1991-02-25
Bronze Medal,VALIEV Chermen,Male,ALB,Albania,ALB,Albania,1998-12-10
Gold Medal,MOTOKI Sakura,Female,JPN,Japan,JPN,Japan,2002-02-20
Silver Medal,KOLIADENKO Iryna,Female,UKR,Ukraine,UKR,Ukraine,1998-08-28
Bronze Medal,TYNYBEKOVA Aisuluu,Female,KGZ,Kyrgyzstan,KGZ,Kyrgyzstan,1993-05-04
Bronze Medal,BULLEN Grace Jacob,Female,NOR,Norway,NOR,Norway,1997-02-07
Gold Medal,HASSAN Sifan,Female,NED,Netherlands,NED,Netherlands,1993-01-01
Silver Medal,ASSEFA Tigst,Female,ETH,Ethiopia,ETH,Ethiopia,1996-12-03
Bronze Medal,OBIRI Hellen,Female,KEN,Kenya,KEN,Kenya,1989-12-13
Gold Medal,LAVREYSEN Harrie,Male,NED,Netherlands,NED,Netherlands,1997-03-14
Silver Medal,RICHARDSON Matthew,Male,AUS,Australia,AUS,Australia,1999-04-17
Bronze Medal,GLAETZER Matthew,Male,AUS,Australia,AUS,Australia,1992-08-24
Gold Medal,VALENTE Jennifer,Female,USA,United States,USA,United States,1994-12-24
Silver Medal,PIKULIK Daria,Female,POL,Poland,POL,Poland,1997-01-06
Bronze Medal,WOLLASTON Ally,Female,NZL,New Zealand,NZL,New Zealand,2001-01-04
Gold Medal,ANDREWS Ellesse,Female,NZL,New Zealand,NZL,New Zealand,1999-12-31
Silver Medal,FRIEDRICH Lea,Female,GER,Germany,GER,Germany,2000-01-07
Bronze Medal,FINUCANE Emma,Female,GBR,Great Britain,GBR,Great Britain,2002-12-22
Gold Medal,GULYAS Michelle,Female,HUN,Hungary,HUN,Hungary,2000-10-24
Silver Medal,CLOUVEL Elodie,Female,FRA,France,FRA,France,1989-01-14
Bronze Medal,SEONG Seungmin,Female,KOR,Korea,KOR,Korea,2003-05-13
Gold Medal,LI Wenwen,Female,CHN,China,CHN,China,2000-03-05
Silver Medal,PARK Hyejeong,Female,KOR,Korea,KOR,Korea,2003-03-12
Bronze Medal,CAMPBELL Emily,Female,GBR,Great Britain,GBR,Great Britain,1994-05-06
Gold Medal,KIYOOKA Kotaro,Male,JPN,Japan,JPN,Japan,2001-04-12
Silver Medal,AMOUZADKHALILI Rahman,Male,IRI,IR Iran,IRI,IR Iran,2002-07-17
Bronze Medal,RIVERA Sebastian C,Male,PUR,Puerto Rico,USA,United States,1998-08-27
Bronze Medal,DUDAEV Islam,Male,ALB,Albania,ALB,Albania,1995-01-15
Gold Medal,TAZHUDINOV Akhmed,Male,BRN,Bahrain,BRN,Bahrain,2003-01-25
Silver Medal,MATCHARASHVILI Givi,Male,GEO,Georgia,GEO,Georgia,1997-05-17
Bronze Medal,MAGOMEDOV Magomedkhan,Male,AZE,Azerbaijan,AZE,Azerbaijan,1998-01-27
Bronze Medal,AZARPIRA Amirali,Male,IRI,IR Iran,IRI,IR Iran,2002-03-26
Gold Medal,KAGAMI Yuka,Female,JPN,Japan,JPN,Japan,2001-09-14
Silver Medal,BLADES Kennedy Alexis,Female,USA,United States,USA,United States,2003-09-04
Bronze Medal,MARIN POTRILLE Milaimy de la Carid,Female,CUB,Cuba,CUB,Cuba,2001-03-16
Bronze Medal,RENTERIA RENTERIA Tatiana,Female,COL,Colombia,COL,Colombia,2000-12-22
Gold Medal,VARFOLOMEEV Darja,Female,GER,Germany,GER,Germany,2006-11-04
Silver Medal,KALEYN Boryana,Female,BUL,Bulgaria,BUL,Bulgaria,2000-08-23
Bronze Medal,RAFFAELI Sofia,Female,ITA,Italy,ITA,Italy,2004-01-19
Gold Medal,THIAM Nafissatou,Female,BEL,Belgium,BEL,Belgium,1994-08-19
Silver Medal,JOHNSON-THOMPSON Katarina,Female,GBR,Great Britain,GBR,Great Britain,1993-01-09
Bronze Medal,VIDTS Noor,Female,BEL,Belgium,BEL,Belgium,1996-05-30
Gold Medal,CHANG Yani,Female,CHN,China,CHN,China,2001-12-07
Gold Medal,CHEN Yiwen,Female,CHN,China,CHN,China,1999-06-15
Silver Medal,BACON Sarah,Female,USA,United States,USA,United States,1996-09-20
Silver Medal,COOK Kassidy,Female,USA,United States,USA,United States,1995-05-09
Bronze Medal,HARPER Yasmin,Female,GBR,Great Britain,GBR,Great Britain,2000-07-28
Bronze Medal,MEW JENSEN Scarlett,Female,GBR,Great Britain,GBR,Great Britain,2001-12-31
Gold Medal,PASQUET Varian,Male,FRA,France,FRA,France,1999-07-29
Gold Medal,TIMO Andy,Male,FRA,France,FRA,France,2004-05-28
Gold Medal,REBBADJ Rayan,Male,FRA,France,FRA,France,1999-08-15
Gold Medal,FORNER Theo,Male,FRA,France,FRA,France,2001-10-17
Gold Medal,PAREZ EDO MARTIN Stephen,Male,FRA,France,FRA,France,1994-08-01
Gold Medal,RIVA Paulin,Male,FRA,France,FRA,France,1994-04-20
Gold Medal,JOSEPH Jefferson-Lee,Male,FRA,France,FRA,France,2002-08-29
Gold Medal,ZEGHDAR Antoine,Male,FRA,France,FRA,France,1999-05-22
Gold Medal,GRANDIDIER NKANANG Aaron,Male,FRA,France,FRA,France,2000-05-18
Gold Medal,BARRAQUE Jean Pascal,Male,FRA,France,FRA,France,1991-04-24
Gold Medal,DUPONT Antoine,Male,FRA,France,FRA,France,1996-11-15
Gold Medal,SEPHO Jordan,Male,FRA,France,FRA,France,1998-12-08
Gold Medal,EPEE Nelson,Male,FRA,France,FRA,France,2001-02-20
Silver Medal,NASOVA Joji,Male,FIJ,Fiji,FIJ,Fiji,2000-06-09
Silver Medal,TALACOLO Joseva,Male,FIJ,Fiji,FIJ,Fiji,1997-04-01
Silver Medal,MATANA Jeremaia,Male,FIJ,Fiji,FIJ,Fiji,1998-07-14
Silver Medal,MOCENACAGI Sevuloni,Male,FIJ,Fiji,FIJ,Fiji,1990-06-29
Silver Medal,BALEIWAIRIKI Iosefo,Male,FIJ,Fiji,FIJ,Fiji,1998-05-09
Silver Medal,LOGANIMASI Ponipate,Male,FIJ,Fiji,FIJ,Fiji,1998-03-26
Silver Medal,VEILAWA Terio Tamani,Male,FIJ,Fiji,FIJ,Fiji,1994-07-06
Silver Medal,NACUQU Waisea,Male,FIJ,Fiji,FIJ,Fiji,1993-05-24
Silver Medal,TUWAI Jerry,Male,FIJ,Fiji,FIJ,Fiji,1989-03-23
Silver Medal,TEBA Iowane,Male,FIJ,Fiji,FIJ,Fiji,1993-02-23
Silver Medal,RASAKU Kaminieli,Male,FIJ,Fiji,FIJ,Fiji,1999-07-12
Silver Medal,RAVUTAUMADA Selesitino,Male,FIJ,Fiji,FIJ,Fiji,2000-01-17
Silver Medal,JOSAIA Raisuqe,Male,FIJ,Fiji,FIJ,Fiji,1994-07-22
Silver Medal,SAUTURAGA Filipe,Male,FIJ,Fiji,FIJ,Fiji,1994-06-19
Bronze Medal,GROBBELAAR Christie,Male,RSA,South Africa,RSA,South Africa,2000-05-25
Bronze Medal,OOSTHUIZEN Ryan,Male,RSA,South Africa,RSA,South Africa,1995-05-22
Bronze Medal,VISSER Impi,Male,RSA,South Africa,RSA,South Africa,1995-05-30
Bronze Medal,DAVIDS Zain,Male,RSA,South Africa,RSA,South Africa,1997-05-04
Bronze Medal,NORTJE Quewin,Male,RSA,South Africa,RSA,South Africa,2003-01-14
Bronze Medal,PRETORIUS Tiaan,Male,RSA,South Africa,RSA,South Africa,2001-02-19
Bronze Medal,LEYDS Tristan,Male,RSA,South Africa,RSA,South Africa,1997-05-24
Bronze Medal,DAVIDS Selvyn,Male,RSA,South Africa,RSA,South Africa,1994-03-26
Bronze Medal,WILLIAMS Shaun,Male,RSA,South Africa,RSA,South Africa,1998-04-13
Bronze Medal,SPECMAN Rosko,Male,RSA,South Africa,RSA,South Africa,1989-04-28
Bronze Medal,SOYIZWAPI Siviwe,Male,RSA,South Africa,RSA,South Africa,1992-12-07
Bronze Medal,van WYK Shilton,Male,RSA,South Africa,RSA,South Africa,1999-12-22
Bronze Medal,BROWN Ronald,Male,RSA,South Africa,RSA,South Africa,1995-09-02
Gold Medal,HUANG Yuting,Female,CHN,China,CHN,China,2006-09-03
Gold Medal,SHENG Lihao,Male,CHN,China,CHN,China,2004-12-04
Silver Medal,KEUM Jihyeon,Female,KOR,Korea,KOR,Korea,2000-03-17
Silver Medal,PARK Hajun,Male,KOR,Korea,KOR,Korea,2000-04-19
Bronze Medal,LE Alexandra,Female,KAZ,Kazakhstan,KAZ,Kazakhstan,2004-05-03
Bronze Medal,SATPAYEV Islam,Male,KAZ,Kazakhstan,KAZ,Kazakhstan,1998-09-21
Gold Medal,HELD Ryan,Male,USA,United States,USA,United States,1995-06-27
Gold Medal,KING Matt,Male,USA,United States,USA,United States,2002-02-19
Gold Medal,ARMSTRONG Hunter,Male,USA,United States,USA,United States,2001-01-24
Gold Medal,DRESSEL Caeleb,Male,USA,United States,USA,United States,1996-08-16
Gold Medal,ALEXY Jack,Male,USA,United States,USA,United States,2003-01-19
Gold Medal,GUILIANO Chris,Male,USA,United States,USA,United States,2003-06-25
Silver Medal,CARTWRIGHT Jack,Male,AUS,Australia,AUS,Australia,1998-09-22
Silver Medal,YANG William,Male,AUS,Australia,AUS,Australia,1998-10-11
Silver Medal,SOUTHAM Flynn,Male,AUS,Australia,AUS,Australia,2005-06-05
Silver Medal,CHALMERS Kyle,Male,AUS,Australia,AUS,Australia,1998-06-25
Silver Medal,TAYLOR Kai,Male,AUS,Australia,AUS,Australia,2003-08-18
Bronze Medal,ZAZZERI Lorenzo,Male,ITA,Italy,ITA,Italy,1994-08-09
Bronze Medal,DEPLANO Leonardo,Male,ITA,Italy,ITA,Italy,1999-07-21
Bronze Medal,CONTE BONIN Paolo,Male,ITA,Italy,ITA,Italy,2002-02-09
Bronze Medal,FRIGO Manuel,Male,ITA,Italy,ITA,Italy,1997-02-18
Bronze Medal,CECCON Thomas,Male,ITA,Italy,ITA,Italy,2001-01-27
Bronze Medal,MIRESSI Alessandro,Male,ITA,Italy,ITA,Italy,1998-10-02
Gold Medal,WUNSCH Olivia,Female,AUS,Australia,AUS,Australia,2006-05-31
Gold Medal,CAMPBELL Bronte,Female,AUS,Australia,AUS,Australia,1994-05-14
Gold Medal,HARRIS Meg,Female,AUS,Australia,AUS,Australia,2002-03-07
Gold Medal,McKEON Emma,Female,AUS,Australia,AUS,Australia,1994-05-24
Gold Medal,JACK Shayna,Female,AUS,Australia,AUS,Australia,1998-11-06
Gold Medal,O'CALLAGHAN Mollie,Female,AUS,Australia,AUS,Australia,2004-04-02
Silver Medal,WEITZEIL Abbey,Female,USA,United States,USA,United States,1996-12-03
Silver Medal,MANUEL Simone,Female,USA,United States,USA,United States,1996-08-02
Silver Medal,CONNOLLY Erika,Female,USA,United States,USA,United States,1998-08-27
Silver Medal,DOUGLASS Kate,Female,USA,United States,USA,United States,2001-11-17
Silver Medal,HUSKE Torri,Female,USA,United States,USA,United States,2002-12-07
Silver Medal,WALSH Gretchen,Female,USA,United States,USA,United States,2003-01-29
Bronze Medal,CHENG Yujie,Female,CHN,China,CHN,China,2005-09-22
Bronze Medal,WU Qingfeng,Female,CHN,China,CHN,China,2003-01-28
Bronze Medal,YU Yiting,Female,CHN,China,CHN,China,2005-09-05
Bronze Medal,YANG Junxuan,Female,CHN,China,CHN,China,2002-01-26
Bronze Medal,ZHANG Yufei,Female,CHN,China,CHN,China,1998-04-19
Gold Medal,JEON Hunyoung,Female,KOR,Korea,KOR,Korea,1994-05-29
Gold Medal,LIM Sihyeon,Female,KOR,Korea,KOR,Korea,2003-06-13
Gold Medal,NAM Suhyeon,Female,KOR,Korea,KOR,Korea,2005-01-27
Silver Medal,AN Qixuan,Female,CHN,China,CHN,China,2000-12-03
Silver Medal,LI Jiaman,Female,CHN,China,CHN,China,1997-08-18
Silver Medal,YANG Xiaolei,Female,CHN,China,CHN,China,2000-06-28
Bronze Medal,RUIZ Angela,Female,MEX,Mexico,MEX,Mexico,2006-07-28
Bronze Medal,VALENCIA Alejandra,Female,MEX,Mexico,MEX,Mexico,1994-10-17
Bronze Medal,VAZQUEZ Ana,Female,MEX,Mexico,MEX,Mexico,2000-10-05
Gold Medal,KIM Je Deok,Male,KOR,Korea,KOR,Korea,2004-04-12
Gold Medal,KIM Woojin,Male,KOR,Korea,KOR,Korea,1992-06-20
Gold Medal,LEE Wooseok,Male,KOR,Korea,KOR,Korea,1997-08-07
Silver Medal,ADDIS Baptiste,Male,FRA,France,FRA,France,2006-12-07
Silver Medal,CHIRAULT Thomas,Male,FRA,France,FRA,France,1997-09-15
Silver Medal,VALLADONT Jean-Charles,Male,FRA,France,FRA,France,1989-03-20
Bronze Medal,GAZOZ Mete,Male,TUR,Türkiye,TUR,Türkiye,1999-06-08
Bronze Medal,TUMER Berkim,Male,TUR,Türkiye,TUR,Türkiye,2002-04-30
Bronze Medal,YILDIRMIS Abdullah,Male,TUR,Türkiye,TUR,Türkiye,2003-11-07
Gold Medal,HASHIMOTO Daiki,Male,JPN,Japan,JPN,Japan,2001-08-07
Gold Medal,KAYA Kazuma,Male,JPN,Japan,JPN,Japan,1996-11-19
Gold Medal,OKA Shinnosuke,Male,JPN,Japan,JPN,Japan,2003-10-31
Gold Medal,SUGINO Takaaki,Male,JPN,Japan,JPN,Japan,1998-10-18
Gold Medal,TANIGAWA Wataru,Male,JPN,Japan,JPN,Japan,1996-07-23
Silver Medal,LIU Yang,Male,CHN,China,CHN,China,1994-08-11
Silver Medal,SU Weide,Male,CHN,China,CHN,China,2000-03-19
Silver Medal,XIAO Ruoteng,Male,CHN,China,CHN,China,1996-01-30
Silver Medal,ZHANG Boheng,Male,CHN,China,CHN,China,2000-03-04
Silver Medal,ZOU Jingyuan,Male,CHN,China,CHN,China,1998-01-03
Bronze Medal,HONG Asher,Male,USA,United States,USA,United States,2004-03-23
Bronze Medal,JUDA Paul,Male,USA,United States,USA,United States,2001-07-07
Bronze Medal,MALONE Brody,Male,USA,United States,USA,United States,2000-01-07
Bronze Medal,NEDOROSCIK Stephen,Male,USA,United States,USA,United States,1998-10-28
Bronze Medal,RICHARD Frederick,Male,USA,United States,USA,United States,2004-04-23
Gold Medal,LIAN Junjie,Male,CHN,China,CHN,China,2000-11-03
Gold Medal,YANG Hao,Male,CHN,China,CHN,China,1998-02-03
Silver Medal,DALEY Thomas,Male,GBR,Great Britain,GBR,Great Britain,1994-05-21
Silver Medal,WILLIAMS Noah,Male,GBR,Great Britain,GBR,Great Britain,2000-05-15
Bronze Medal,WIENS Rylan,Male,CAN,Canada,CAN,Canada,2002-01-02
Bronze Medal,ZSOMBOR-MURRAY Nathan,Male,CAN,Canada,CAN,Canada,2003-04-28
Gold Medal,McEWEN Tom,Male,GBR,Great Britain,GBR,Great Britain,1991-05-10
Gold Medal,COLLETT Laura,Female,GBR,Great Britain,GBR,Great Britain,1989-08-31
Gold Medal,CANTER Rosalind,Female,GBR,Great Britain,GBR,Great Britain,1986-01-13
Gold Medal,INGHAM Yasmin,Female,GBR,Great Britain,GBR,Great Britain,1997-05-13
Silver Medal,LAGHOUAG Karim Florent,Male,FRA,France,FRA,France,1975-08-04
Silver Medal,LANDOIS Stephane,Male,FRA,France,FRA,France,1994-06-03
Silver Medal,TOUZAINT Nicolas,Male,FRA,France,FRA,France,1980-05-10
Silver Medal,le COZ Gireg,Male,FRA,France,FRA,France,1989-03-14
Bronze Medal,KITAJIMA Ryuzo,Male,JPN,Japan,JPN,Japan,1985-10-23
Bronze Medal,OIWA Yoshiaki,Male,JPN,Japan,JPN,Japan,1976-07-19
Bronze Medal,TOMOTO Kazuma,Male,JPN,Japan,JPN,Japan,1983-06-05
Bronze Medal,TANAKA Toshiyuki,Male,JPN,Japan,JPN,Japan,1985-02-02
Gold Medal,BILES Simone,Female,USA,United States,USA,United States,1997-03-14
Gold Medal,CAREY Jade,Female,USA,United States,USA,United States,2000-05-27
Gold Medal,CHILES Jordan,Female,USA,United States,USA,United States,2001-04-15
Gold Medal,LEE Sunisa,Female,USA,United States,USA,United States,2003-03-09
Gold Medal,RIVERA Hezly,Female,USA,United States,USA,United States,2008-06-04
Silver Medal,ANDREOLI Angela,Female,ITA,Italy,ITA,Italy,2006-06-06
Silver Medal,D'AMATO Alice,Female,ITA,Italy,ITA,Italy,2003-02-07
Silver Medal,ESPOSITO Manila,Female,ITA,Italy,ITA,Italy,2006-11-02
Silver Medal,IORIO Elisa,Female,ITA,Italy,ITA,Italy,2003-03-21
Silver Medal,VILLA Giorgia,Female,ITA,Italy,ITA,Italy,2003-02-23
Bronze Medal,ANDRADE Rebeca,Female,BRA,Brazil,BRA,Brazil,1999-05-08
Bronze Medal,BARBOSA Jade,Female,BRA,Brazil,BRA,Brazil,1991-07-01
Bronze Medal,OLIVEIRA Lorrane,Female,BRA,Brazil,BRA,Brazil,1998-04-13
Bronze Medal,SARAIVA Flavia,Female,BRA,Brazil,BRA,Brazil,1999-09-30
Bronze Medal,SOARES Julia,Female,BRA,Brazil,BRA,Brazil,2005-08-23
Gold Medal,FIAMINGO Rossella,Female,ITA,Italy,ITA,Italy,1991-07-14
Gold Medal,RIZZI Giulia,Female,ITA,Italy,ITA,Italy,1989-06-20
Gold Medal,SANTUCCIO Alberta,Female,ITA,Italy,ITA,Italy,1994-10-22
Gold Medal,NAVARRIA Mara,Female,ITA,Italy,ITA,Italy,1985-07-18
Silver Medal,VITALIS Coraline,Female,FRA,France,FRA,France,1995-05-09
Silver Medal,MALLO-BRETON Auriane,Female,FRA,France,FRA,France,1993-10-11
Silver Medal,CANDASSAMY Marie-Florence,Female,FRA,France,FRA,France,1991-02-26
Silver Medal,LOUIS-MARIE Alexandra,Female,FRA,France,FRA,France,1996-03-03
Bronze Medal,KNAPIK-MIAZGA Renata,Female,POL,Poland,POL,Poland,1988-07-15
Bronze Medal,SWATOWSKA-WENGLARCZYK Martyna,Female,POL,Poland,POL,Poland,1994-07-08
Bronze Medal,KLASIK Alicja,Female,POL,Poland,POL,Poland,2004-02-14
Bronze Medal,JARECKA Aleksandra,Female,POL,Poland,POL,Poland,1995-10-11
Gold Medal,POURI-LANE Risi,Female,NZL,New Zealand,NZL,New Zealand,2000-05-28
Gold Medal,MILLER Jorja,Female,NZL,New Zealand,NZL,New Zealand,2004-02-08
Gold Medal,WAAKA Stacey,Female,NZL,New Zealand,NZL,New Zealand,1995-11-03
Gold Medal,NUKU Manaia,Female,NZL,New Zealand,NZL,New Zealand,2002-09-03
Gold Medal,HIRINI Sarah,Female,NZL,New Zealand,NZL,New Zealand,1992-12-09
Gold Medal,BLYDE Michaela,Female,NZL,New Zealand,NZL,New Zealand,1995-12-29
Gold Medal,KING Tyla,Female,NZL,New Zealand,NZL,New Zealand,1994-07-01
Gold Medal,PAUL Mahina,Female,NZL,New Zealand,NZL,New Zealand,2001-04-19
Gold Medal,FELIX-HOTHAM Jazmin,Female,NZL,New Zealand,NZL,New Zealand,2000-07-02
Gold Medal,SETEFANO Theresa,Female,NZL,New Zealand,NZL,New Zealand,1995-02-25
Gold Medal,WOODMAN-WICKLIFFE Portia,Female,NZL,New Zealand,NZL,New Zealand,1991-07-12
Gold Medal,SAILI Alena,Female,NZL,New Zealand,NZL,New Zealand,1998-12-13
Silver Medal,CROSSLEY Caroline,Female,CAN,Canada,CAN,Canada,1998-04-19
Silver Medal,APPS Olivia,Female,CAN,Canada,CAN,Canada,1998-12-01
Silver Medal,CORRIGAN Alysha,Female,CAN,Canada,CAN,Canada,1997-01-25
Silver Medal,HOGAN-ROCHESTER Asia,Female,CAN,Canada,CAN,Canada,1999-04-20
Silver Medal,DANIELS Chloe,Female,CAN,Canada,CAN,Canada,2003-04-27
Silver Medal,WILLIAMS Charity,Female,CAN,Canada,CAN,Canada,1996-10-20
Silver Medal,SYMONDS Florence,Female,CAN,Canada,CAN,Canada,2002-05-20
Silver Medal,NORSTEN Carissa,Female,CAN,Canada,CAN,Canada,2003-11-07
Silver Medal,SCURFIELD Krissy,Female,CAN,Canada,CAN,Canada,2003-06-15
Silver Medal,BERMUDEZ Fancy,Female,CAN,Canada,CAN,Canada,2002-05-27
Silver Medal,LOGAN Piper,Female,CAN,Canada,CAN,Canada,2001-07-13
Silver Medal,WARDLEY Keyara,Female,CAN,Canada,CAN,Canada,2000-01-27
Silver Medal,PERRY Taylor,Female,CAN,Canada,CAN,Canada,2000-07-23
Silver Medal,VALENZUELA Shalaya,Female,CAN,Canada,CAN,Canada,1999-06-12
Bronze Medal,RAMSEY Ariana,Female,USA,United States,USA,United States,2000-03-25
Bronze Medal,MAHER Ilona,Female,USA,United States,USA,United States,1996-08-12
Bronze Medal,CANETT Kayla,Female,USA,United States,USA,United States,1998-04-29
Bronze Medal,SULLIVAN Sammy,Female,USA,United States,USA,United States,1998-05-22
Bronze Medal,KELTER Alev,Female,USA,United States,USA,United States,1991-03-21
Bronze Medal,DOYLE Lauren,Female,USA,United States,USA,United States,1991-02-23
Bronze Medal,TAPPER Naya,Female,USA,United States,USA,United States,1994-08-03
Bronze Medal,SEDRICK Alex,Female,USA,United States,USA,United States,1998-02-28
Bronze Medal,OLSEN Alena,Female,USA,United States,USA,United States,1995-12-06
Bronze Medal,ROVETTI Steph,Female,USA,United States,USA,United States,1991-10-02
Bronze Medal,LEVY Sarah,Female,USA,United States,USA,United States,1995-12-27
Bronze Medal,KIRSHE Kristi,Female,USA,United States,USA,United States,1994-10-14
Gold Medal,ARUNOVIC Zorana,Female,SRB,Serbia,SRB,Serbia,1986-11-22
Gold Medal,MIKEC Damir,Male,SRB,Serbia,SRB,Serbia,1984-03-31
Silver Medal,TARHAN Sevval Ilayda,Female,TUR,Türkiye,TUR,Türkiye,2000-02-04
Silver Medal,DIKEC Yusuf,Male,TUR,Türkiye,TUR,Türkiye,1973-01-01
Bronze Medal,BHAKER Manu,Female,IND,India,IND,India,2002-02-18
Bronze Medal,SINGH Sarabjot,Male,IND,India,IND,India,2001-09-30
Gold Medal,GUY James,Male,GBR,Great Britain,GBR,Great Britain,1995-11-26
Gold Medal,McMILLAN Jack,Male,GBR,Great Britain,GBR,Great Britain,2000-01-14
Gold Medal,BIRD Kieran,Male,GBR,Great Britain,GBR,Great Britain,1999-09-02
Gold Medal,DEAN Tom,Male,GBR,Great Britain,GBR,Great Britain,2000-05-02
Gold Medal,RICHARDS Matthew,Male,GBR,Great Britain,GBR,Great Britain,2002-12-17
Gold Medal,SCOTT Duncan,Male,GBR,Great Britain,GBR,Great Britain,1997-05-06
Silver Medal,KIBLER Drew,Male,USA,United States,USA,United States,2000-03-09
Silver Medal,CURRY Brooks,Male,USA,United States,USA,United States,2001-01-20
Silver Medal,PIERONI Blake,Male,USA,United States,USA,United States,1995-11-15
Silver Medal,GUILIANO Chris,Male,USA,United States,USA,United States,2003-06-25
Silver Medal,FOSTER Carson,Male,USA,United States,USA,United States,2001-10-26
Silver Medal,HOBSON Luke,Male,USA,United States,USA,United States,2003-06-25
Silver Medal,SMITH Kieran,Male,USA,United States,USA,United States,2000-05-20
Bronze Medal,TAYLOR Kai,Male,AUS,Australia,AUS,Australia,2003-08-18
Bronze Medal,INCERTI Zac,Male,AUS,Australia,AUS,Australia,1996-07-13
Bronze Medal,SOUTHAM Flynn,Male,AUS,Australia,AUS,Australia,2005-06-05
Bronze Medal,NEILL Thomas,Male,AUS,Australia,AUS,Australia,2002-06-09
Bronze Medal,GIULIANI Maximillian,Male,AUS,Australia,AUS,Australia,2003-07-03
Bronze Medal,WINNINGTON Elijah,Male,AUS,Australia,AUS,Australia,2000-05-05
Gold Medal,WANG Chuqin,Male,CHN,China,CHN,China,2000-05-11
Gold Medal,SUN Yingsha,Female,CHN,China,CHN,China,2000-11-04
Silver Medal,RI Jong Sik,Male,PRK,DPR Korea,PRK,DPR Korea,2000-02-14
Silver Medal,KIM Kum Yong,Female,PRK,DPR Korea,PRK,DPR Korea,2001-08-17
Bronze Medal,LIM Jonghoon,Male,KOR,Korea,KOR,Korea,1997-01-21
Bronze Medal,SHIN Yubin,Female,KOR,Korea,KOR,Korea,2004-07-05
Gold Medal,CHEN Yuxi,Female,CHN,China,CHN,China,2005-09-11
Gold Medal,QUAN Hongchan,Female,CHN,China,CHN,China,2007-03-28
Silver Medal,JO Jin Mi,Female,PRK,DPR Korea,PRK,DPR Korea,2004-11-15
Silver Medal,KIM Mi Rae,Female,PRK,DPR Korea,PRK,DPR Korea,2001-04-07
Bronze Medal,SPENDOLINI SIRIEIX Andrea,Female,GBR,Great Britain,GBR,Great Britain,2004-09-11
Bronze Medal,TOULSON Lois,Female,GBR,Great Britain,GBR,Great Britain,1999-09-26
Gold Medal,GU Bongil,Male,KOR,Korea,KOR,Korea,1989-04-27
Gold Medal,OH Sanguk,Male,KOR,Korea,KOR,Korea,1996-09-30
Gold Medal,PARK Sangwon,Male,KOR,Korea,KOR,Korea,2000-09-14
Gold Medal,DO Gyeongdong,Male,KOR,Korea,KOR,Korea,1999-08-19
Silver Medal,GEMESI Csanad,Male,HUN,Hungary,HUN,Hungary,1986-11-13
Silver Medal,SZILAGYI Aron,Male,HUN,Hungary,HUN,Hungary,1990-01-14
Silver Medal,SZATMARI Andras,Male,HUN,Hungary,HUN,Hungary,1993-02-03
Silver Medal,RABB Krisztian,Male,HUN,Hungary,HUN,Hungary,2001-11-10
Bronze Medal,APITHY Bolade,Male,FRA,France,FRA,France,1985-08-21
Bronze Medal,PIANFETTI Maxime,Male,FRA,France,FRA,France,1999-03-15
Bronze Medal,PATRICE Sebastien,Male,FRA,France,FRA,France,2000-04-07
Bronze Medal,PATRICE Jean-Philippe,Male,FRA,France,FRA,France,1997-03-12
Gold Medal,van LIEROP Lennart,Male,NED,Netherlands,NED,Netherlands,1994-05-20
Gold Medal,FLORIJN Finn,Male,NED,Netherlands,NED,Netherlands,1999-11-29
Gold Medal,WIETEN Tone,Male,NED,Netherlands,NED,Netherlands,1994-03-17
Gold Medal,METSEMAKERS Koen,Male,NED,Netherlands,NED,Netherlands,1992-04-30
Silver Medal,CHIUMENTO Luca,Male,ITA,Italy,ITA,Italy,1997-11-19
Silver Medal,RAMBALDI Luca,Male,ITA,Italy,ITA,Italy,1994-12-09
Silver Medal,PANIZZA Andrea,Male,ITA,Italy,ITA,Italy,1998-07-14
Silver Medal,GENTILI Giacomo,Male,ITA,Italy,ITA,Italy,1997-07-03
Bronze Medal,CZAJA Dominik,Male,POL,Poland,POL,Poland,1995-08-12
Bronze Medal,BISKUP Mateusz,Male,POL,Poland,POL,Poland,1994-02-08
Bronze Medal,ZIETARSKI Miroslaw,Male,POL,Poland,POL,Poland,1993-03-09
Bronze Medal,BARANSKI Fabian,Male,POL,Poland,POL,Poland,1999-05-27
Gold Medal,HENRY Lauren,Female,GBR,Great Britain,GBR,Great Britain,2001-12-21
Gold Medal,SCOTT Hannah,Female,GBR,Great Britain,GBR,Great Britain,1999-06-18
Gold Medal,ANDERSON Lola,Female,GBR,Great Britain,GBR,Great Britain,1998-04-16
Gold Medal,BRAYSHAW Georgina,Female,GBR,Great Britain,GBR,Great Britain,1993-10-14
Silver Medal,YOUSSIFOU Laila,Female,NED,Netherlands,NED,Netherlands,1996-01-02
Silver Medal,PAULIS Bente,Female,NED,Netherlands,NED,Netherlands,1997-02-14
Silver Medal,de JONG Roos,Female,NED,Netherlands,NED,Netherlands,1993-08-23
Silver Medal,DULLEMANS Tessa,Female,NED,Netherlands,NED,Netherlands,1997-07-02
Bronze Medal,VOELZ Maren,Female,GER,Germany,GER,Germany,1999-11-20
Bronze Medal,SCHENDEKEHL Tabea,Female,GER,Germany,GER,Germany,1998-11-29
Bronze Medal,MENZEL Leonie,Female,GER,Germany,GER,Germany,1999-05-19
Bronze Medal,GREITEN Pia,Female,GER,Germany,GER,Germany,1997-02-18
Gold Medal,SCRUGGS Lauren,Female,USA,United States,USA,United States,2003-01-27
Gold Medal,KIEFER Lee,Female,USA,United States,USA,United States,1994-06-15
Gold Medal,DUBROVICH Jacqueline,Female,USA,United States,USA,United States,1994-07-18
Gold Medal,WEINTRAUB Maia Mei,Female,USA,United States,USA,United States,2002-10-24
Silver Medal,ERRIGO Arianna,Female,ITA,Italy,ITA,Italy,1988-06-06
Silver Medal,FAVARETTO Martina,Female,ITA,Italy,ITA,Italy,2001-11-15
Silver Medal,VOLPI Alice,Female,ITA,Italy,ITA,Italy,1992-04-15
Silver Medal,PALUMBO Francesca,Female,ITA,Italy,ITA,Italy,1994-02-10
Bronze Medal,AZUMA Sera,Female,JPN,Japan,JPN,Japan,1999-08-20
Bronze Medal,UENO Yuka,Female,JPN,Japan,JPN,Japan,2001-11-28
Bronze Medal,MIYAWAKI Karin,Female,JPN,Japan,JPN,Japan,1997-02-04
Bronze Medal,KIKUCHI Komaki,Female,JPN,Japan,JPN,Japan,1997-02-22
Gold Medal,CORNEA Andrei Sebastian,Male,ROU,Romania,ROU,Romania,1999-11-10
Gold Medal,ENACHE Marian Florian,Male,ROU,Romania,ROU,Romania,1995-08-05
Silver Medal,TWELLAAR Melvin,Male,NED,Netherlands,NED,Netherlands,1996-12-23
Silver Medal,BROENINK Stef,Male,NED,Netherlands,NED,Netherlands,1990-09-19
Bronze Medal,LYNCH Daire,Male,IRL,Ireland,IRL,Ireland,1998-06-19
Bronze Medal,DOYLE Phili,Male,IRL,Ireland,IRL,Ireland,1992-09-17
Gold Medal,MEAD Nick,Male,USA,United States,USA,United States,1995-03-12
Gold Medal,BEST Justin,Male,USA,United States,USA,United States,1997-08-17
Gold Medal,GRADY Michael,Male,USA,United States,USA,United States,1996-10-22
Gold Medal,CORRIGAN Liam,Male,USA,United States,USA,United States,1997-09-11
Silver Medal,MACLEAN Ollie,Male,NZL,New Zealand,NZL,New Zealand,1998-05-19
Silver Medal,ULLRICH Logan,Male,NZL,New Zealand,NZL,New Zealand,2000-08-20
Silver Medal,MURRAY Tom,Male,NZL,New Zealand,NZL,New Zealand,1994-04-05
Silver Medal,MACDONALD Matt,Male,NZL,New Zealand,NZL,New Zealand,1999-03-15
Bronze Medal,WILKES Oliver,Male,GBR,Great Britain,GBR,Great Britain,1995-07-14
Bronze Medal,AMBLER David,Male,GBR,Great Britain,GBR,Great Britain,1997-12-04
Bronze Medal,ALDRIDGE Matt,Male,GBR,Great Britain,GBR,Great Britain,1996-03-11
Bronze Medal,DAVIDSON Freddie,Male,GBR,Great Britain,GBR,Great Britain,1998-05-26
Gold Medal,FRANCIS Brooke,Female,NZL,New Zealand,NZL,New Zealand,1995-01-06
Gold Medal,SPOORS Lucy,Female,NZL,New Zealand,NZL,New Zealand,1990-12-24
Silver Medal,BODNAR Ancuta,Female,ROU,Romania,ROU,Romania,1998-09-25
Silver Medal,RADIS Simona,Female,ROU,Romania,ROU,Romania,1999-04-05
Bronze Medal,HODGKINS BYRNE Mathilda,Female,GBR,Great Britain,GBR,Great Britain,1994-10-01
Bronze Medal,WILDE Rebecca,Female,GBR,Great Britain,GBR,Great Britain,1997-12-31
Gold Medal,OLDENBURG Marloes,Female,NED,Netherlands,NED,Netherlands,1988-03-09
Gold Medal,DRENTH Hermijntje,Female,NED,Netherlands,NED,Netherlands,1994-07-19
Gold Medal,OFFEREINS Tinka,Female,NED,Netherlands,NED,Netherlands,1993-10-05
Gold Medal,BOONSTRA Benthe,Female,NED,Netherlands,NED,Netherlands,2000-11-21
Silver Medal,GLOVER Helen,Female,GBR,Great Britain,GBR,Great Britain,1986-06-17
Silver Medal,BOOTH Esme,Female,GBR,Great Britain,GBR,Great Britain,1998-12-23
Silver Medal,REDGRAVE Sam,Female,GBR,Great Britain,GBR,Great Britain,1994-08-18
Silver Medal,SHORTEN Rebecca,Female,GBR,Great Britain,GBR,Great Britain,1993-11-25
Bronze Medal,GOWLER Jackie,Female,NZL,New Zealand,NZL,New Zealand,1996-06-07
Bronze Medal,SPOORS Phoebe,Female,NZL,New Zealand,NZL,New Zealand,1993-08-11
Bronze Medal,WADDY Davina,Female,NZL,New Zealand,NZL,New Zealand,1996-08-16
Bronze Medal,WILLIAMS Kerri,Female,NZL,New Zealand,NZL,New Zealand,1993-12-18
Gold Medal,PALLISTER Lani,Female,AUS,Australia,AUS,Australia,2002-06-06
Gold Medal,PERKINS Jamie,Female,AUS,Australia,AUS,Australia,2005-01-19
Gold Medal,THROSSELL Brianna,Female,AUS,Australia,AUS,Australia,1996-02-10
Gold Medal,JACK Shayna,Female,AUS,Australia,AUS,Australia,1998-11-06
Gold Medal,O'CALLAGHAN Mollie,Female,AUS,Australia,AUS,Australia,2004-04-02
Gold Medal,TITMUS Ariarne,Female,AUS,Australia,AUS,Australia,2000-09-07
Silver Medal,PEPLOWSKI Anna,Female,USA,United States,USA,United States,2002-09-25
Silver Medal,GEMMELL Erin,Female,USA,United States,USA,United States,2004-12-02
Silver Medal,MANUEL Simone,Female,USA,United States,USA,United States,1996-08-02
Silver Medal,SHACKELL Alex,Female,USA,United States,USA,United States,2006-11-13
Silver Medal,LEDECKY Katie,Female,USA,United States,USA,United States,1997-03-17
Silver Medal,MADDEN Paige,Female,USA,United States,USA,United States,1998-10-22
Silver Medal,WEINSTEIN Claire,Female,USA,United States,USA,United States,2007-03-01
Bronze Medal,TANG Muhan,Female,CHN,China,CHN,China,2003-09-04
Bronze Medal,KONG Yaqi,Female,CHN,China,CHN,China,2008-01-24
Bronze Medal,GE Chutong,Female,CHN,China,CHN,China,2003-09-23
Bronze Medal,LIU Yaxin,Female,CHN,China,CHN,China,1999-06-16
Bronze Medal,LI Bingjie,Female,CHN,China,CHN,China,2002-03-03
Bronze Medal,YANG Junxuan,Female,CHN,China,CHN,China,2002-01-26
Gold Medal,LIM Sihyeon,Female,KOR,Korea,KOR,Korea,2003-06-13
Gold Medal,KIM Woojin,Male,KOR,Korea,KOR,Korea,1992-06-20
Silver Medal,KROPPEN Michelle,Female,GER,Germany,GER,Germany,1996-04-19
Silver Medal,UNRUH Florian,Male,GER,Germany,GER,Germany,1993-06-07
Bronze Medal,KAUFHOLD Casey,Female,USA,United States,USA,United States,2004-03-06
Bronze Medal,ELLISON Brady,Male,USA,United States,USA,United States,1988-10-27
Gold Medal,ZHENG Si Wei,Male,CHN,China,CHN,China,1997-02-26
Gold Medal,HUANG Ya Qiong,Female,CHN,China,CHN,China,1994-02-28
Silver Medal,KIM Won Ho,Male,KOR,Korea,KOR,Korea,1999-06-02
Silver Medal,JEONG Na Eun,Female,KOR,Korea,KOR,Korea,2000-06-27
Bronze Medal,WATANABE Yuta,Male,JPN,Japan,JPN,Japan,1997-06-13
Bronze Medal,HIGASHINO Arisa,Female,JPN,Japan,JPN,Japan,1996-08-01
Gold Medal,LONG Daoyi,Male,CHN,China,CHN,China,2003-03-06
Gold Medal,WANG Zongyuan,Male,CHN,China,CHN,China,2001-10-24
Silver Medal,CELAYA HERNANDEZ Juan Manuel,Male,MEX,Mexico,MEX,Mexico,1998-09-01
Silver Medal,OLVERA IBARRA Osmar,Male,MEX,Mexico,MEX,Mexico,2004-06-05
Bronze Medal,HARDING Anthony,Male,GBR,Great Britain,GBR,Great Britain,2000-06-30
Bronze Medal,LAUGHER Jack,Male,GBR,Great Britain,GBR,Great Britain,1995-01-30
Gold Medal,BRASH Scott,Male,GBR,Great Britain,GBR,Great Britain,1985-11-23
Gold Medal,CHARLES Harry,Male,GBR,Great Britain,GBR,Great Britain,1999-07-15
Gold Medal,MAHER Ben,Male,GBR,Great Britain,GBR,Great Britain,1983-01-30
Gold Medal,STOCKDALE Joseph,Male,GBR,Great Britain,GBR,Great Britain,1999-10-18
Silver Medal,WARD McLain,Male,USA,United States,USA,United States,1975-10-17
Silver Medal,FARRINGTON Kent,Male,USA,United States,USA,United States,1980-12-28
Silver Medal,KRAUT Laura,Female,USA,United States,USA,United States,1965-11-14
Silver Medal,COOK Karl,Male,USA,United States,USA,United States,1990-12-25
Bronze Medal,STAUT Kevin,Male,FRA,France,FRA,France,1980-11-15
Bronze Medal,DELESTRE Simon,Male,FRA,France,FRA,France,1981-06-21
Bronze Medal,EPAILLARD Julien,Male,FRA,France,FRA,France,1977-07-24
Bronze Medal,PERREAU Olivier,Male,FRA,France,FRA,France,1986-06-23
Gold Medal,SIKLOSI Gergely,Male,HUN,Hungary,HUN,Hungary,1997-09-04
Gold Medal,KOCH Mate Tamas,Male,HUN,Hungary,HUN,Hungary,1999-09-17
Gold Medal,ANDRASFI Tibor,Male,HUN,Hungary,HUN,Hungary,1999-12-10
Gold Medal,NAGY David,Male,HUN,Hungary,HUN,Hungary,1999-07-14
Silver Medal,KANO Koki,Male,JPN,Japan,JPN,Japan,1997-12-19
Silver Medal,MINOBE Kazuyasu,Male,JPN,Japan,JPN,Japan,1987-07-15
Silver Medal,YAMADA Masaru,Male,JPN,Japan,JPN,Japan,1994-06-14
Silver Medal,KOMATA Akira,Male,JPN,Japan,JPN,Japan,1998-01-31
Bronze Medal,BERAN Jiri,Male,CZE,Czechia,CZE,Czechia,1982-01-18
Bronze Medal,JURKA Jakub,Male,CZE,Czechia,CZE,Czechia,1999-06-13
Bronze Medal,RUBES Martin,Male,CZE,Czechia,CZE,Czechia,1996-09-16
Bronze Medal,CUPR Michal,Male,CZE,Czechia,CZE,Czechia,1991-12-23
Gold Medal,Mc CARTHY Fintan,Male,IRL,Ireland,IRL,Ireland,1996-11-23
Gold Medal,O DONOVAN Paul,Male,IRL,Ireland,IRL,Ireland,1994-04-19
Silver Medal,OPPO Stefano,Male,ITA,Italy,ITA,Italy,1994-09-12
Silver Medal,SOARES Gabriel,Male,ITA,Italy,ITA,Italy,1997-01-22
Bronze Medal,PAPAKONSTANTINOU Antonios,Male,GRE,Greece,GRE,Greece,1999-03-18
Bronze Medal,GKAIDATZIS Petros,Male,GRE,Greece,GRE,Greece,2000-11-25
Gold Medal,CRAIG Emily,Female,GBR,Great Britain,GBR,Great Britain,1992-11-30
Gold Medal,GRANT Imogen,Female,GBR,Great Britain,GBR,Great Britain,1996-02-26
Silver Medal,van GRONINGEN Gianina Elena,Female,ROU,Romania,ROU,Romania,1995-05-21
Silver Medal,COZMIUC Ionela Livia,Female,ROU,Romania,ROU,Romania,1995-01-03
Bronze Medal,KONTOU Dimitra,Female,GRE,Greece,GRE,Greece,2005-09-23
Bronze Medal,FITSIOU Zoi,Female,GRE,Greece,GRE,Greece,1995-09-14
Gold Medal,SINKOVIC Martin,Male,CRO,Croatia,CRO,Croatia,1989-11-10
Gold Medal,SINKOVIC Valent,Male,CRO,Croatia,CRO,Croatia,1988-08-02
Silver Medal,WYNNE-GRIFFITH Oliver,Male,GBR,Great Britain,GBR,Great Britain,1994-05-29
Silver Medal,GEORGE Tom,Male,GBR,Great Britain,GBR,Great Britain,1994-09-22
Bronze Medal,ROEOESLI Roman,Male,SUI,Switzerland,SUI,Switzerland,1993-09-22
Bronze Medal,GULICH Andrin,Male,SUI,Switzerland,SUI,Switzerland,1999-03-09
Gold Medal,CLEVERING Ymkje,Female,NED,Netherlands,NED,Netherlands,1995-07-17
Gold Medal,MEESTER Veronique,Female,NED,Netherlands,NED,Netherlands,1995-04-07
Silver Medal,VRINCEANU Ioana,Female,ROU,Romania,ROU,Romania,1994-03-07
Silver Medal,ANGHEL Roxana,Female,ROU,Romania,ROU,Romania,1998-01-01
Bronze Medal,MORRISON Jess,Female,AUS,Australia,AUS,Australia,1992-05-18
Bronze Medal,McINTYRE Annabelle,Female,AUS,Australia,AUS,Australia,1996-09-12
Gold Medal,BOTIN le CHEVER Diego,Male,ESP,Spain,ESP,Spain,1993-12-25
Gold Medal,TRITTEL PAUL Florian,Male,ESP,Spain,ESP,Spain,1994-05-23
Silver Medal,McHARDIE Isaac,Male,NZL,New Zealand,NZL,New Zealand,1997-07-06
Silver Medal,McKENZIE William,Male,NZL,New Zealand,NZL,New Zealand,1997-02-19
Bronze Medal,BARROWS Ian,Male,USA,United States,USA,United States,1995-01-14
Bronze Medal,HENKEN Hans,Male,USA,United States,USA,United States,1992-06-04
Gold Medal,van AANHOLT Odile,Female,NED,Netherlands,NED,Netherlands,1998-01-14
Gold Medal,DUETZ Annette,Female,NED,Netherlands,NED,Netherlands,1993-06-29
Silver Medal,BOBECK Vilma,Female,SWE,Sweden,SWE,Sweden,1998-01-05
Silver Medal,NETZLER Rebecca,Female,SWE,Sweden,SWE,Sweden,1995-07-22
Bronze Medal,STEYAERT Sarah,Female,FRA,France,FRA,France,1986-11-27
Bronze Medal,PICON Charline,Female,FRA,France,FRA,France,1984-12-23
Gold Medal,SINIAKOVA Katerina,Female,CZE,Czechia,CZE,Czechia,1996-05-10
Gold Medal,MACHAC Tomas,Male,CZE,Czechia,CZE,Czechia,2000-10-13
Silver Medal,WANG Xinyu,Female,CHN,China,CHN,China,2001-09-26
Silver Medal,ZHANG Zhizhen,Male,CHN,China,CHN,China,1996-10-16
Bronze Medal,DABROWSKI Gabriela,Female,CAN,Canada,CAN,Canada,1992-04-01
Bronze Medal,AUGER-ALIASSIME Felix,Male,CAN,Canada,CAN,Canada,2000-08-08
Gold Medal,KLEIN IKKINK Isaya,Male,NED,Netherlands,NED,Netherlands,2003-05-13
Gold Medal,OMALLA Eugene,Male,NED,Netherlands,NED,Netherlands,2000-10-05
Gold Medal,BOL Femke,Female,NED,Netherlands,NED,Netherlands,2000-02-23
Gold Medal,KLAVER Lieke,Female,NED,Netherlands,NED,Netherlands,1998-08-20
Gold Medal,PEETERS Cathelijn,Female,NED,Netherlands,NED,Netherlands,1996-11-06
Gold Medal,BOERS Isayah,Male,NED,Netherlands,NED,Netherlands,1999-06-19
Silver Medal,DEADMON Bryce,Male,USA,United States,USA,United States,1997-03-26
Silver Medal,NORWOOD Vernon,Male,USA,United States,USA,United States,1992-04-10
Silver Medal,WILSON Quincy,Male,USA,United States,USA,United States,2008-01-08
Silver Medal,BROWN Kaylyn,Female,USA,United States,USA,United States,2004-12-31
Silver Medal,LITTLE Shamier,Female,USA,United States,USA,United States,1995-03-20
Silver Medal,WHITTAKER Isabella,Female,USA,United States,USA,United States,2002-02-15
Bronze Medal,DAVEY Lewis,Male,GBR,Great Britain,GBR,Great Britain,2000-10-24
Bronze Medal,HAYDOCK-WILSON Alex,Male,GBR,Great Britain,GBR,Great Britain,1999-07-28
Bronze Medal,JEFFERIES Ben,Male,GBR,Great Britain,GBR,Great Britain,1999-09-10
Bronze Medal,REARDON Samuel,Male,GBR,Great Britain,GBR,Great Britain,2003-10-30
Bronze Medal,ANNING Amber,Female,GBR,Great Britain,GBR,Great Britain,2000-11-18
Bronze Medal,KELLY Hannah,Female,GBR,Great Britain,GBR,Great Britain,2000-12-20
Bronze Medal,NIELSEN Laviai,Female,GBR,Great Britain,GBR,Great Britain,1996-03-13
Bronze Medal,WILLIAMS Jodie,Female,GBR,Great Britain,GBR,Great Britain,1993-09-28
Bronze Medal,YEARGIN Nicole,Female,GBR,Great Britain,GBR,Great Britain,1997-08-11
Gold Medal,CHEN Qing Chen,Female,CHN,China,CHN,China,1997-06-23
Gold Medal,JIA Yi Fan,Female,CHN,China,CHN,China,1997-06-29
Silver Medal,LIU Sheng Shu,Female,CHN,China,CHN,China,2004-04-08
Silver Medal,TAN Ning,Female,CHN,China,CHN,China,2003-04-03
Bronze Medal,MATSUYAMA Nami,Female,JPN,Japan,JPN,Japan,1998-06-28
Bronze Medal,SHIDA Chiharu,Female,JPN,Japan,JPN,Japan,1997-04-29
Gold Medal,von BREDOW-WERNDL Jessica,Female,GER,Germany,GER,Germany,1986-02-16
Gold Medal,WANDRES Frederic,Male,GER,Germany,GER,Germany,1987-03-25
Gold Medal,WERTH Isabell,Female,GER,Germany,GER,Germany,1969-07-21
Gold Medal,ROTHENBERGER Soenke,Male,GER,Germany,GER,Germany,1994-10-14
Silver Medal,BACHMANN ANDERSEN Daniel,Male,DEN,Denmark,DEN,Denmark,1990-06-01
Silver Medal,LAUDRUP-DUFOUR Cathrine,Female,DEN,Denmark,DEN,Denmark,1992-01-02
Silver Medal,SKODBORG MERRALD Nanna,Female,DEN,Denmark,DEN,Denmark,1993-10-08
Silver Medal,SLOTH Nadja Aaboe,Female,DEN,Denmark,DEN,Denmark,1992-10-23
Bronze Medal,FRY Charlotte,Female,GBR,Great Britain,GBR,Great Britain,1996-02-11
Bronze Medal,HESTER Carl,Male,GBR,Great Britain,GBR,Great Britain,1967-06-29
Bronze Medal,MOODY Becky,Female,GBR,Great Britain,GBR,Great Britain,1980-03-16
Bronze Medal,GOULD Andrew,Male,GBR,Great Britain,GBR,Great Britain,1980-05-21
Gold Medal,KHARLAN Olga,Female,UKR,Ukraine,UKR,Ukraine,1990-09-04
Gold Medal,KOMASHCHUK Alina,Female,UKR,Ukraine,UKR,Ukraine,1993-04-24
Gold Medal,KRAVATSKA Olena,Female,UKR,Ukraine,UKR,Ukraine,1992-06-22
Gold Medal,BAKASTOVA Yuliia,Female,UKR,Ukraine,UKR,Ukraine,1996-06-26
Silver Medal,YOON Jisu,Female,KOR,Korea,KOR,Korea,1993-01-24
Silver Medal,JEON Hayoung,Female,KOR,Korea,KOR,Korea,2001-08-18
Silver Medal,CHOI Sebin,Female,KOR,Korea,KOR,Korea,2000-08-11
Silver Medal,JEON Eunhye,Female,KOR,Korea,KOR,Korea,1997-08-01
Bronze Medal,EMURA Misaki,Female,JPN,Japan,JPN,Japan,1998-11-20
Bronze Medal,TAKASHIMA Risa,Female,JPN,Japan,JPN,Japan,1999-02-08
Bronze Medal,FUKUSHIMA Shihomi,Female,JPN,Japan,JPN,Japan,1995-06-19
Bronze Medal,OZAKI Seri,Female,JPN,Japan,JPN,Japan,2002-09-22
Gold Medal,BOUKLI Shirine,Female,FRA,France,FRA,France,1999-01-24
Gold Medal,BUCHARD Amandine,Female,FRA,France,FRA,France,1995-07-12
Gold Medal,CYSIQUE Sarah Leonie,Female,FRA,France,FRA,France,1998-07-06
Gold Medal,AGBEGNENOU Clarisse,Female,FRA,France,FRA,France,1992-10-25
Gold Medal,GAHIE Marie Eve,Female,FRA,France,FRA,France,1996-11-27
Gold Medal,DICKO Romane,Female,FRA,France,FRA,France,1999-09-30
Gold Medal,MALONGA Madeleine,Female,FRA,France,FRA,France,1993-12-25
Gold Medal,GABA Joan-Benjamin,Male,FRA,France,FRA,France,2001-01-07
Gold Medal,KHYAR Walide,Male,FRA,France,FRA,France,1995-06-09
Gold Medal,MKHEIDZE Luka,Male,FRA,France,FRA,France,1996-01-05
Gold Medal,DJALO Alpha Oumar,Male,FRA,France,FRA,France,1996-09-05
Gold Medal,NGAYAP HAMBOU Maxime-Gael,Male,FRA,France,FRA,France,2001-06-22
Gold Medal,DIESSE Aurelien,Male,FRA,France,FRA,France,1997-10-16
Gold Medal,RINER Teddy,Male,FRA,France,FRA,France,1989-04-07
Silver Medal,ABE Uta,Female,JPN,Japan,JPN,Japan,2000-07-14
Silver Medal,FUNAKUBO Haruka,Female,JPN,Japan,JPN,Japan,1998-10-10
Silver Medal,TSUNODA Natsumi,Female,JPN,Japan,JPN,Japan,1992-08-06
Silver Medal,NIIZOE Saki,Female,JPN,Japan,JPN,Japan,1996-07-04
Silver Medal,TAKAICHI Miku,Female,JPN,Japan,JPN,Japan,1994-04-07
Silver Medal,SONE Akira,Female,JPN,Japan,JPN,Japan,2000-07-09
Silver Medal,TAKAYAMA Rika,Female,JPN,Japan,JPN,Japan,1994-08-27
Silver Medal,ABE Hifumi,Male,JPN,Japan,JPN,Japan,1997-08-09
Silver Medal,HASHIMOTO Soichi,Male,JPN,Japan,JPN,Japan,1991-08-24
Silver Medal,NAGAYAMA Ryuju,Male,JPN,Japan,JPN,Japan,1996-04-15
Silver Medal,MURAO Sanshiro,Male,JPN,Japan,JPN,Japan,2000-08-28
Silver Medal,NAGASE Takanori,Male,JPN,Japan,JPN,Japan,1993-10-14
Silver Medal,SAITO Tatsuru,Male,JPN,Japan,JPN,Japan,2002-03-08
Silver Medal,WOLF Aaron,Male,JPN,Japan,JPN,Japan,1996-02-25
Bronze Medal,PIMENTA Larissa,Female,BRA,Brazil,BRA,Brazil,1999-03-01
Bronze Medal,SILVA Rafaela,Female,BRA,Brazil,BRA,Brazil,1992-04-24
Bronze Medal,QUADROS Ketleyn,Female,BRA,Brazil,BRA,Brazil,1987-10-01
Bronze Medal,SOUZA Beatriz,Female,BRA,Brazil,BRA,Brazil,1998-05-20
Bronze Medal,CARGNIN Daniel,Male,BRA,Brazil,BRA,Brazil,1997-12-20
Bronze Medal,LIMA Willian,Male,BRA,Brazil,BRA,Brazil,2000-01-31
Bronze Medal,MACEDO Rafael,Male,BRA,Brazil,BRA,Brazil,1994-08-15
Bronze Medal,SCHIMIDT Guilherme,Male,BRA,Brazil,BRA,Brazil,2000-11-06
Bronze Medal,GONCALVES Leonardo,Male,BRA,Brazil,BRA,Brazil,1996-03-01
Bronze Medal,SILVA Rafael,Male,BRA,Brazil,BRA,Brazil,1987-05-11
Bronze Medal,HUH Mimi,Female,KOR,Korea,KOR,Korea,2002-12-19
Bronze Medal,JUNG Yerin,Female,KOR,Korea,KOR,Korea,1996-07-15
Bronze Medal,LEE Hyekyeong,Female,KOR,Korea,KOR,Korea,1996-01-12
Bronze Medal,KIM Jisu,Female,KOR,Korea,KOR,Korea,2000-12-12
Bronze Medal,KIM Hayun,Female,KOR,Korea,KOR,Korea,2000-01-07
Bronze Medal,YOON Hyunji,Female,KOR,Korea,KOR,Korea,1994-02-14
Bronze Medal,AN Baul,Male,KOR,Korea,KOR,Korea,1994-03-25
Bronze Medal,KIM Won Jin,Male,KOR,Korea,KOR,Korea,1992-05-01
Bronze Medal,HAN Juyeo,Male,KOR,Korea,KOR,Korea,1999-04-21
Bronze Medal,LEE Joonhwan,Male,KOR,Korea,KOR,Korea,2002-06-19
Bronze Medal,KIM Minjong,Male,KOR,Korea,KOR,Korea,2000-09-01
Gold Medal,CARNEGIE Sholto,Male,GBR,Great Britain,GBR,Great Britain,1995-02-28
Gold Medal,GIBBS Rory,Male,GBR,Great Britain,GBR,Great Britain,1994-04-03
Gold Medal,BOLDING Morgan,Male,GBR,Great Britain,GBR,Great Britain,1995-05-13
Gold Medal,DAWSON Jacob,Male,GBR,Great Britain,GBR,Great Britain,1993-11-02
Gold Medal,ELWES Charles,Male,GBR,Great Britain,GBR,Great Britain,1997-07-15
Gold Medal,DIGBY Tom,Male,GBR,Great Britain,GBR,Great Britain,1998-07-23
Gold Medal,RUDKIN James,Male,GBR,Great Britain,GBR,Great Britain,1994-07-07
Gold Medal,FORD Tom,Male,GBR,Great Britain,GBR,Great Britain,1992-10-03
Gold Medal,BRIGHTMORE Harry,Male,GBR,Great Britain,GBR,Great Britain,1994-07-01
Silver Medal,RIENKS Ralf,Male,NED,Netherlands,NED,Netherlands,1997-09-23
Silver Medal,MOLENAAR Olav,Male,NED,Netherlands,NED,Netherlands,1999-03-28
Silver Medal,de GRAAF Sander,Male,NED,Netherlands,NED,Netherlands,1995-06-13
Silver Medal,KNAB Ruben,Male,NED,Netherlands,NED,Netherlands,1988-02-19
Silver Medal,van DOORN Gert-Jan,Male,NED,Netherlands,NED,Netherlands,1999-02-03
Silver Medal,van de KERKHOF Jacob,Male,NED,Netherlands,NED,Netherlands,1995-10-12
Silver Medal,van der BIJ Jan,Male,NED,Netherlands,NED,Netherlands,1991-09-25
Silver Medal,MAKKER Mick,Male,NED,Netherlands,NED,Netherlands,1993-02-05
Silver Medal,FETTER Dieuwke,Female,NED,Netherlands,NED,Netherlands,1991-01-26
Bronze Medal,HOLLINGSWORTH Henry,Male,USA,United States,USA,United States,1997-09-05
Bronze Medal,RUSHER Nick,Male,USA,United States,USA,United States,1999-06-10
Bronze Medal,TABASH Christian,Male,USA,United States,USA,United States,1999-05-14
Bronze Medal,DEAN Clark,Male,USA,United States,USA,United States,2000-02-03
Bronze Medal,CARLSON Chris,Male,USA,United States,USA,United States,1997-03-14
Bronze Medal,CHATAIN Peter,Male,USA,United States,USA,United States,1999-11-08
Bronze Medal,OLSON Evan,Male,USA,United States,USA,United States,1997-07-26
Bronze Medal,QUINTON Pieter,Male,USA,United States,USA,United States,1998-02-11
Bronze Medal,MILNE Rielly,Male,USA,United States,USA,United States,1996-05-31
Gold Medal,RUSU Maria Magdalena,Female,ROU,Romania,ROU,Romania,1999-09-30
Gold Medal,ANGHEL Roxana,Female,ROU,Romania,ROU,Romania,1998-01-01
Gold Medal,BODNAR Ancuta,Female,ROU,Romania,ROU,Romania,1998-09-25
Gold Medal,LEHACI Maria,Female,ROU,Romania,ROU,Romania,1999-06-28
Gold Medal,ADAM Adriana,Female,ROU,Romania,ROU,Romania,1999-04-11
Gold Medal,BERES Amalia,Female,ROU,Romania,ROU,Romania,1997-06-18
Gold Medal,VRINCEANU Ioana,Female,ROU,Romania,ROU,Romania,1994-03-07
Gold Medal,RADIS Simona,Female,ROU,Romania,ROU,Romania,1999-04-05
Gold Medal,PETREANU Victoria Stefania,Female,ROU,Romania,ROU,Romania,2003-01-21
Silver Medal,SEVICK Jessica,Female,CAN,Canada,CAN,Canada,1989-07-15
Silver Medal,FILMER Caileigh,Female,CAN,Canada,CAN,Canada,1996-12-18
Silver Medal,MESCHKULEIT Maya,Female,CAN,Canada,CAN,Canada,2001-07-28
Silver Medal,GRUCHALLA-WESIERSKI Kasia,Female,CAN,Canada,CAN,Canada,1991-03-31
Silver Medal,WASTENEYS Avalon,Female,CAN,Canada,CAN,Canada,1997-08-31
Silver Medal,PAYNE Sydney,Female,CAN,Canada,CAN,Canada,1997-09-16
Silver Medal,WALKER Kristina,Female,CAN,Canada,CAN,Canada,1996-05-09
Silver Medal,DENT Abby,Female,CAN,Canada,CAN,Canada,2002-03-04
Silver Medal,KIT Kristen,Female,CAN,Canada,CAN,Canada,1988-08-18
Bronze Medal,LONG Heidi,Female,GBR,Great Britain,GBR,Great Britain,1996-11-29
Bronze Medal,McKELLAR Rowan,Female,GBR,Great Britain,GBR,Great Britain,1994-05-24
Bronze Medal,DUNFORD Holly,Female,GBR,Great Britain,GBR,Great Britain,1999-10-14
Bronze Medal,FORD Emily,Female,GBR,Great Britain,GBR,Great Britain,1994-11-08
Bronze Medal,IRWIN Lauren,Female,GBR,Great Britain,GBR,Great Britain,1998-08-20
Bronze Medal,STEWART Eve,Female,GBR,Great Britain,GBR,Great Britain,1998-01-13
Bronze Medal,TAYLOR Harriet,Female,GBR,Great Britain,GBR,Great Britain,1994-02-14
Bronze Medal,CAMPBELL-ORDE Annie,Female,GBR,Great Britain,GBR,Great Britain,1995-10-05
Bronze Medal,FIELDMAN Henry,Male,GBR,Great Britain,GBR,Great Britain,1988-11-25
Gold Medal,SMITH Regan,Female,USA,United States,USA,United States,2002-02-09
Gold Medal,SWANSON Charlie,Male,USA,United States,USA,United States,1998-02-20
Gold Medal,DRESSEL Caeleb,Male,USA,United States,USA,United States,1996-08-16
Gold Medal,WEITZEIL Abbey,Female,USA,United States,USA,United States,1996-12-03
Gold Medal,FINK Nic,Male,USA,United States,USA,United States,1993-07-03
Gold Medal,HUSKE Torri,Female,USA,United States,USA,United States,2002-12-07
Gold Medal,MURPHY Ryan,Male,USA,United States,USA,United States,1995-07-02
Gold Medal,WALSH Gretchen,Female,USA,United States,USA,United States,2003-01-29
Silver Medal,XU Jiayu,Male,CHN,China,CHN,China,1995-08-19
Silver Medal,TANG Qianting,Female,CHN,China,CHN,China,2004-03-14
Silver Medal,ZHANG Yufei,Female,CHN,China,CHN,China,1998-04-19
Silver Medal,PAN Zhanle,Male,CHN,China,CHN,China,2004-08-04
Silver Medal,QIN Haiyang,Male,CHN,China,CHN,China,1999-05-17
Silver Medal,YANG Junxuan,Female,CHN,China,CHN,China,2002-01-26
Bronze Medal,ANDERSON Iona,Female,AUS,Australia,AUS,Australia,2005-10-03
Bronze Medal,STUBBLETY-COOK Zac,Male,AUS,Australia,AUS,Australia,1999-01-04
Bronze Medal,McKEON Emma,Female,AUS,Australia,AUS,Australia,1994-05-24
Bronze Medal,CHALMERS Kyle,Male,AUS,Australia,AUS,Australia,1998-06-25
Bronze Medal,McKEOWN Kaylee,Female,AUS,Australia,AUS,Australia,2001-07-12
Bronze Medal,O'CALLAGHAN Mollie,Female,AUS,Australia,AUS,Australia,2004-04-02
Bronze Medal,TEMPLE Matthew,Male,AUS,Australia,AUS,Australia,1999-06-20
Bronze Medal,YONG Joshua,Male,AUS,Australia,AUS,Australia,2001-07-24
Gold Medal,EBDEN Matthew,Male,AUS,Australia,AUS,Australia,1987-11-26
Gold Medal,PEERS John,Male,AUS,Australia,AUS,Australia,1988-07-25
Silver Medal,KRAJICEK Austin,Male,USA,United States,USA,United States,1990-06-16
Silver Medal,RAM Rajeev,Male,USA,United States,USA,United States,1984-03-18
Bronze Medal,FRITZ Taylor,Male,USA,United States,USA,United States,1997-10-28
Bronze Medal,PAUL Tommy,Male,USA,United States,USA,United States,1997-05-17
Gold Medal,LEE Yang,Male,TPE,Chinese Taipei,TPE,Chinese Taipei,1995-08-12
Gold Medal,WANG Chi-Lin,Male,TPE,Chinese Taipei,TPE,Chinese Taipei,1995-01-18
Silver Medal,LIANG Wei Keng,Male,CHN,China,CHN,China,2000-11-30
Silver Medal,WANG Chang,Male,CHN,China,CHN,China,2001-05-07
Bronze Medal,CHIA Aaron,Male,MAS,Malaysia,MAS,Malaysia,1997-02-24
Bronze Medal,SOH Wooi Yik,Male,MAS,Malaysia,MAS,Malaysia,1998-02-17
Gold Medal,MATSUYAMA Kyosuke,Male,JPN,Japan,JPN,Japan,1996-12-19
Gold Medal,IIMURA Kazuki,Male,JPN,Japan,JPN,Japan,2003-12-27
Gold Medal,SHIKINE Takahiro,Male,JPN,Japan,JPN,Japan,1997-12-07
Gold Medal,NAGANO Yudai,Male,JPN,Japan,JPN,Japan,1998-10-15
Silver Medal,BIANCHI Guillaume,Male,ITA,Italy,ITA,Italy,1997-07-30
Silver Medal,MACCHI Filippo,Male,ITA,Italy,ITA,Italy,2001-09-19
Silver Medal,MARINI Tommaso,Male,ITA,Italy,ITA,Italy,2000-04-17
Silver Medal,FOCONI Alessio,Male,ITA,Italy,ITA,Italy,1989-11-22
Bronze Medal,LEFORT Enzo,Male,FRA,France,FRA,France,1991-09-29
Bronze Medal,PAUTY Maxime,Male,FRA,France,FRA,France,1993-06-20
Bronze Medal,MERTINE Julien,Male,FRA,France,FRA,France,1988-06-25
Bronze Medal,CHASTANET Maximilien,Male,FRA,France,FRA,France,1996-03-15
Gold Medal,XU Jiayu,Male,CHN,China,CHN,China,1995-08-19
Gold Medal,QIN Haiyang,Male,CHN,China,CHN,China,1999-05-17
Gold Medal,WANG Changhao,Male,CHN,China,CHN,China,2002-08-01
Gold Medal,PAN Zhanle,Male,CHN,China,CHN,China,2004-08-04
Gold Medal,SUN Jiajun,Male,CHN,China,CHN,China,2000-08-01
Silver Medal,ARMSTRONG Hunter,Male,USA,United States,USA,United States,2001-01-24
Silver Medal,SWANSON Charlie,Male,USA,United States,USA,United States,1998-02-20
Silver Medal,HEILMAN Thomas,Male,USA,United States,USA,United States,2007-02-07
Silver Medal,ALEXY Jack,Male,USA,United States,USA,United States,2003-01-19
Silver Medal,DRESSEL Caeleb,Male,USA,United States,USA,United States,1996-08-16
Silver Medal,FINK Nic,Male,USA,United States,USA,United States,1993-07-03
Silver Medal,MURPHY Ryan,Male,USA,United States,USA,United States,1995-07-02
Bronze Medal,NDOYE-BROUARD Yohann,Male,FRA,France,FRA,France,2000-11-29
Bronze Medal,MARCHAND Leon,Male,FRA,France,FRA,France,2002-05-17
Bronze Medal,SECCHI Clement,Male,FRA,France,FRA,France,2000-05-04
Bronze Medal,FENTE--DAMERS Rafael,Male,FRA,France,FRA,France,2006-10-17
Bronze Medal,GROUSSET Maxime,Male,FRA,France,FRA,France,1999-04-24
Bronze Medal,MANAUDOU Florent,Male,FRA,France,FRA,France,1990-11-12
Gold Medal,BERKOFF Katharine,Female,USA,United States,USA,United States,2001-01-28
Gold Medal,WEBER Emma,Female,USA,United States,USA,United States,2004-01-13
Gold Medal,SHACKELL Alex,Female,USA,United States,USA,United States,2006-11-13
Gold Medal,DOUGLASS Kate,Female,USA,United States,USA,United States,2001-11-17
Gold Medal,HUSKE Torri,Female,USA,United States,USA,United States,2002-12-07
Gold Medal,KING Lilly,Female,USA,United States,USA,United States,1997-02-10
Gold Medal,SMITH Regan,Female,USA,United States,USA,United States,2002-02-09
Gold Medal,WALSH Gretchen,Female,USA,United States,USA,United States,2003-01-29
Silver Medal,ANDERSON Iona,Female,AUS,Australia,AUS,Australia,2005-10-03
Silver Medal,RAMSAY Ella,Female,AUS,Australia,AUS,Australia,2004-07-12
Silver Medal,PERKINS Alexandria,Female,AUS,Australia,AUS,Australia,2000-07-27
Silver Medal,HARRIS Meg,Female,AUS,Australia,AUS,Australia,2002-03-07
Silver Medal,McKEON Emma,Female,AUS,Australia,AUS,Australia,1994-05-24
Silver Medal,McKEOWN Kaylee,Female,AUS,Australia,AUS,Australia,2001-07-12
Silver Medal,O'CALLAGHAN Mollie,Female,AUS,Australia,AUS,Australia,2004-04-02
Silver Medal,STRAUCH Jenna,Female,AUS,Australia,AUS,Australia,1997-03-24
Bronze Medal,WANG Xueer,Female,CHN,China,CHN,China,1998-01-15
Bronze Medal,TANG Qianting,Female,CHN,China,CHN,China,2004-03-14
Bronze Medal,YU Yiting,Female,CHN,China,CHN,China,2005-09-05
Bronze Medal,WU Qingfeng,Female,CHN,China,CHN,China,2003-01-28
Bronze Medal,WAN Letian,Female,CHN,China,CHN,China,2004-08-12
Bronze Medal,YANG Junxuan,Female,CHN,China,CHN,China,2002-01-26
Bronze Medal,ZHANG Yufei,Female,CHN,China,CHN,China,1998-04-19
Gold Medal,ERRANI Sara,Female,ITA,Italy,ITA,Italy,1987-04-29
Gold Medal,PAOLINI Jasmine,Female,ITA,Italy,ITA,Italy,1996-01-04
Silver Medal,ANDREEVA Mirra,Female,AIN,AIN,RUS,Russian Federation,2007-04-29
Silver Medal,SHNAIDER Diana,Female,AIN,AIN,RUS,Russian Federation,2004-04-02
Bronze Medal,BUCSA Cristina,Female,ESP,Spain,ESP,Spain,1998-01-01
Bronze Medal,SORRIBES TORMO Sara,Female,ESP,Spain,ESP,Spain,1996-10-08
Gold Medal,SLAGTER Arvin,Male,NED,Netherlands,NED,Netherlands,1985-10-19
Gold Medal,de JONG Worthy,Male,NED,Netherlands,NED,Netherlands,1988-03-14
Gold Medal,van der HORST Dimeo,Male,NED,Netherlands,NED,Netherlands,1991-06-23
Gold Medal,DRIESSEN Jan,Male,NED,Netherlands,NED,Netherlands,1996-12-04
Silver Medal,VERGIAT Timothe,Male,FRA,France,FRA,France,1998-03-07
Silver Medal,SEGUELA Franck,Male,FRA,France,FRA,France,1997-05-30
Silver Medal,DUSSOULIER Lucas,Male,FRA,France,FRA,France,1996-07-27
Silver Medal,RAMBAUT Jules,Male,FRA,France,FRA,France,1998-04-06
Bronze Medal,DZIAUGYS Evaldas,Male,LTU,Lithuania,LTU,Lithuania,1996-09-26
Bronze Medal,MATULIS Gintautas,Male,LTU,Lithuania,LTU,Lithuania,1986-12-06
Bronze Medal,PUKELIS Aurelijus,Male,LTU,Lithuania,LTU,Lithuania,1994-05-17
Bronze Medal,VINGELIS Sarunas,Male,LTU,Lithuania,LTU,Lithuania,1989-11-16
Gold Medal,BRUNCKHORST Svenja,Female,GER,Germany,GER,Germany,1991-10-19
Gold Medal,GREINACHER Sonja,Female,GER,Germany,GER,Germany,1992-07-01
Gold Medal,REICHERT Marie,Female,GER,Germany,GER,Germany,2001-04-16
Gold Medal,MEVIUS Elisa,Female,GER,Germany,GER,Germany,2004-04-23
Silver Medal,ALONSO Gracia,Female,ESP,Spain,ESP,Spain,1992-08-11
Silver Medal,YGUERAVIDE Sandra,Female,ESP,Spain,ESP,Spain,1984-12-28
Silver Medal,GIMENO Vega,Female,ESP,Spain,ESP,Spain,1991-01-08
Silver Medal,CAMILION Juana,Female,ESP,Spain,ESP,Spain,1999-03-22
Bronze Medal,HAMBY Dearica,Female,USA,United States,USA,United States,1993-11-06
Bronze Medal,BURDICK Cierra,Female,USA,United States,USA,United States,1993-09-30
Bronze Medal,van LITH Hailey,Female,USA,United States,USA,United States,2001-09-09
Bronze Medal,HOWARD Rhyne,Female,USA,United States,USA,United States,2000-04-29
Gold Medal,MARCHANT Katy,Female,GBR,Great Britain,GBR,Great Britain,1993-01-30
Gold Medal,FINUCANE Emma,Female,GBR,Great Britain,GBR,Great Britain,2002-12-22
Gold Medal,CAPEWELL Sophie,Female,GBR,Great Britain,GBR,Great Britain,1998-09-04
Gold Medal,THOMAS Lowri,Female,GBR,Great Britain,GBR,Great Britain,1999-03-03
Silver Medal,ANDREWS Ellesse,Female,NZL,New Zealand,NZL,New Zealand,1999-12-31
Silver Medal,PETCH Rebecca,Female,NZL,New Zealand,NZL,New Zealand,1998-07-09
Silver Medal,FULTON Shaane,Female,NZL,New Zealand,NZL,New Zealand,2000-10-03
Silver Medal,KING Olivia,Female,NZL,New Zealand,NZL,New Zealand,2001-01-25
Bronze Medal,HINZE Emma,Female,GER,Germany,GER,Germany,1997-09-17
Bronze Medal,FRIEDRICH Lea,Female,GER,Germany,GER,Germany,2000-01-07
Bronze Medal,GRABOSCH Pauline,Female,GER,Germany,GER,Germany,1998-01-14
Bronze Medal,PROEPSTER Alessa,Female,GER,Germany,GER,Germany,2001-03-04
Gold Medal,BACOSI Diana,Female,ITA,Italy,ITA,Italy,1983-07-13
Gold Medal,ROSSETTI Gabriele,Male,ITA,Italy,ITA,Italy,1995-03-07
Silver Medal,SMITH Austen Jewell,Female,USA,United States,USA,United States,2001-07-23
Silver Medal,HANCOCK Vincent,Male,USA,United States,USA,United States,1989-03-19
Bronze Medal,JIANG Yiting,Female,CHN,China,CHN,China,2004-08-01
Bronze Medal,LYU Jianlin,Male,CHN,China,CHN,China,1996-07-26
Gold Medal,HELLWIG Tim,Male,GER,Germany,GER,Germany,1999-06-30
Gold Medal,TERTSCH Lisa,Female,GER,Germany,GER,Germany,1998-12-01
Gold Medal,LUEHRS Lasse,Male,GER,Germany,GER,Germany,1996-05-16
Gold Medal,LINDEMANN Laura,Female,GER,Germany,GER,Germany,1996-06-26
Silver Medal,RIDER Seth,Male,USA,United States,USA,United States,1997-03-06
Silver Medal,SPIVEY Taylor,Female,USA,United States,USA,United States,1991-04-13
Silver Medal,PEARSON Morgan,Male,USA,United States,USA,United States,1993-09-22
Silver Medal,KNIBB Taylor,Female,USA,United States,USA,United States,1998-02-14
Bronze Medal,YEE Alex,Male,GBR,Great Britain,GBR,Great Britain,1998-02-18
Bronze Medal,TAYLOR-BROWN Georgia,Female,GBR,Great Britain,GBR,Great Britain,1994-03-15
Bronze Medal,DICKINSON Samuel,Male,GBR,Great Britain,GBR,Great Britain,1997-07-11
Bronze Medal,POTTER Beth,Female,GBR,Great Britain,GBR,Great Britain,1991-12-27
Gold Medal,van den BERG Roy,Male,NED,Netherlands,NED,Netherlands,1988-09-08
Gold Medal,LAVREYSEN Harrie,Male,NED,Netherlands,NED,Netherlands,1997-03-14
Gold Medal,HOOGLAND Jeffrey,Male,NED,Netherlands,NED,Netherlands,1993-03-16
Gold Medal,van LOON Tijmen,Male,NED,Netherlands,NED,Netherlands,2001-03-20
Silver Medal,CARLIN Jack,Male,GBR,Great Britain,GBR,Great Britain,1997-04-23
Silver Medal,TURNBULL Hamish,Male,GBR,Great Britain,GBR,Great Britain,1999-07-13
Silver Medal,LOWE Ed,Male,GBR,Great Britain,GBR,Great Britain,2003-08-24
Silver Medal,TRUMAN Joseph,Male,GBR,Great Britain,GBR,Great Britain,1997-02-14
Bronze Medal,GLAETZER Matthew,Male,AUS,Australia,AUS,Australia,1992-08-24
Bronze Medal,RICHARDSON Matthew,Male,AUS,Australia,AUS,Australia,1999-04-17
Bronze Medal,HOFFMAN Leigh,Male,AUS,Australia,AUS,Australia,2000-06-11
Bronze Medal,CORNISH Thomas,Male,AUS,Australia,AUS,Australia,2000-02-15
Gold Medal,CHANG Hao,Female,CHN,China,CHN,China,1997-04-28
Gold Medal,FENG Yu,Female,CHN,China,CHN,China,1999-09-30
Gold Medal,WANG Qianyi,Female,CHN,China,CHN,China,1997-01-16
Gold Medal,WANG Ciyue,Female,CHN,China,CHN,China,1999-11-14
Gold Medal,WANG Liuyi,Female,CHN,China,CHN,China,1997-01-16
Gold Medal,XIANG Binxuan,Female,CHN,China,CHN,China,2001-11-16
Gold Medal,XIAO Yanning,Female,CHN,China,CHN,China,1998-02-23
Gold Medal,ZHANG Yayi,Female,CHN,China,CHN,China,1997-05-06
Gold Medal,CHENG Wentao,Female,CHN,China,CHN,China,1998-05-18
Silver Medal,ALVAREZ Anita,Female,USA,United States,USA,United States,1996-12-02
Silver Medal,CZARKOWSKI Jaime,Female,USA,United States,USA,United States,2003-12-05
Silver Medal,FIELD Megumi,Female,USA,United States,USA,United States,2005-10-15
Silver Medal,HUNTER Keana,Female,USA,United States,USA,United States,2004-03-04
Silver Medal,KWON Audrey,Female,USA,United States,USA,United States,2006-06-16
Silver Medal,LUU Jacklyn,Female,USA,United States,USA,United States,1999-04-30
Silver Medal,RAMIREZ Daniella,Female,USA,United States,USA,United States,2001-10-06
Silver Medal,REMATI Ruby,Female,USA,United States,USA,United States,2002-08-14
Silver Medal,LIU Calista,Female,USA,United States,USA,United States,2005-12-18
Bronze Medal,TIO CASAS Iris,Female,ESP,Spain,ESP,Spain,2002-11-02
Bronze Medal,OZHOGINA OZHOGIN Alisa,Female,ESP,Spain,ESP,Spain,2000-10-31
Bronze Medal,MAS PUJADAS Meritxell,Female,ESP,Spain,ESP,Spain,1994-12-25
Bronze Medal,TOLEDANO LAUT Blanca,Female,ESP,Spain,ESP,Spain,2000-11-03
Bronze Medal,RAMIREZ IBANEZ Paula,Female,ESP,Spain,ESP,Spain,1996-04-23
Bronze Medal,LLUIS VALETTE Lilou,Female,ESP,Spain,ESP,Spain,2006-07-28
Bronze Medal,GARCIA POLO Marina,Female,ESP,Spain,ESP,Spain,2004-12-05
Bronze Medal,FERRE GASET Txell,Female,ESP,Spain,ESP,Spain,2006-11-10
Bronze Medal,SALDANA LOPEZ Sara,Female,ESP,Spain,ESP,Spain,2000-07-25
Gold Medal,MARTIN Alvaro,Male,ESP,Spain,ESP,Spain,1994-06-18
Gold Medal,PEREZ Maria,Female,ESP,Spain,ESP,Spain,1996-04-29
Silver Medal,PINTADO Brian Daniel,Male,ECU,Ecuador,ECU,Ecuador,1995-07-29
Silver Medal,MOREJON Glenda,Female,ECU,Ecuador,ECU,Ecuador,2000-05-30
Bronze Medal,COWLEY Rhydian,Male,AUS,Australia,AUS,Australia,1991-01-04
Bronze Medal,MONTAG Jemima,Female,AUS,Australia,AUS,Australia,1998-02-15
Gold Medal,BLEDDYN Oliver,Male,AUS,Australia,AUS,Australia,2002-01-27
Gold Medal,O'BRIEN Kelland,Male,AUS,Australia,AUS,Australia,1998-05-22
Gold Medal,WELSFORD Sam,Male,AUS,Australia,AUS,Australia,1996-01-19
Gold Medal,LEAHY Conor,Male,AUS,Australia,AUS,Australia,1999-04-16
Gold Medal,MORIARTY James,Male,AUS,Australia,AUS,Australia,2001-06-07
Silver Medal,VERNON Ethan,Male,GBR,Great Britain,GBR,Great Britain,2000-08-26
Silver Medal,WOOD Oliver,Male,GBR,Great Britain,GBR,Great Britain,1995-11-26
Silver Medal,BIGHAM Daniel,Male,GBR,Great Britain,GBR,Great Britain,1991-10-02
Silver Medal,TANFIELD Charlie,Male,GBR,Great Britain,GBR,Great Britain,1996-11-17
Silver Medal,HAYTER Ethan,Male,GBR,Great Britain,GBR,Great Britain,1998-09-18
Silver Medal,STEWART Mark,Male,GBR,Great Britain,GBR,Great Britain,1995-08-25
Bronze Medal,CONSONNI Simone,Male,ITA,Italy,ITA,Italy,1994-09-12
Bronze Medal,GANNA Filippo,Male,ITA,Italy,ITA,Italy,1996-07-25
Bronze Medal,LAMON Francesco,Male,ITA,Italy,ITA,Italy,1994-02-05
Bronze Medal,MILAN Jonathan,Male,ITA,Italy,ITA,Italy,2000-10-01
Bronze Medal,MORO Manlio,Male,ITA,Italy,ITA,Italy,2002-03-17
Gold Medal,CUMMINS Olivia,Female,USA,United States,USA,United States,2003-08-06
Gold Medal,EHRLICH Emily,Female,USA,United States,USA,United States,1993-12-25
Gold Medal,FAULKNER Kristen,Female,USA,United States,USA,United States,1992-12-18
Gold Medal,VALENTE Jennifer,Female,USA,United States,USA,United States,1994-12-24
Gold Medal,WILLIAMS Lily,Female,USA,United States,USA,United States,1994-06-24
Gold Medal,DYGERT Chloe,Female,USA,United States,USA,United States,1997-01-01
Silver Medal,BOTHA Bryony,Female,NZL,New Zealand,NZL,New Zealand,1997-11-04
Silver Medal,WOLLASTON Ally,Female,NZL,New Zealand,NZL,New Zealand,2001-01-04
Silver Medal,SHEARMAN Emily,Female,NZL,New Zealand,NZL,New Zealand,1999-02-23
Silver Medal,SHIELDS Nicole,Female,NZL,New Zealand,NZL,New Zealand,1999-09-09
Silver Medal,DONNELLY Samantha,Female,NZL,New Zealand,NZL,New Zealand,2001-12-13
Bronze Medal,EVANS Neah,Female,GBR,Great Britain,GBR,Great Britain,1990-08-01
Bronze Medal,BARKER Elinor,Female,GBR,Great Britain,GBR,Great Britain,1994-09-07
Bronze Medal,KNIGHT Josie,Female,GBR,Great Britain,GBR,Great Britain,1997-03-29
Bronze Medal,MORRIS Anna,Female,GBR,Great Britain,GBR,Great Britain,1995-06-13
Bronze Medal,ROBERTS Jessica,Female,GBR,Great Britain,GBR,Great Britain,1999-04-11
Bronze Medal,BARKER Megan,Female,GBR,Great Britain,GBR,Great Britain,1997-08-15
Gold Medal,LIU Hao,Male,CHN,China,CHN,China,1993-09-06
Gold Medal,JI Bowen,Male,CHN,China,CHN,China,2002-02-22
Silver Medal,CASADEI Gabriele,Male,ITA,Italy,ITA,Italy,2002-08-10
Silver Medal,TACCHINI Carlo,Male,ITA,Italy,ITA,Italy,1995-01-25
Bronze Medal,MORENO Joan Antoni,Male,ESP,Spain,ESP,Spain,2000-04-04
Bronze Medal,DOMINGUEZ Diego,Male,ESP,Spain,ESP,Spain,2003-05-04
Gold Medal,RENDSCHMIDT Max,Male,GER,Germany,GER,Germany,1993-12-12
Gold Medal,LEMKE Max,Male,GER,Germany,GER,Germany,1996-12-02
Gold Medal,SCHOPF Jacob,Male,GER,Germany,GER,Germany,1999-06-08
Gold Medal,LIEBSCHER-LUCZ Tom,Male,GER,Germany,GER,Germany,1993-08-03
Silver Medal,FITZSIMMONS Riley,Male,AUS,Australia,AUS,Australia,1996-07-27
Silver Medal,van der WESTHUYZEN Pierre,Male,AUS,Australia,AUS,Australia,2003-08-18
Silver Medal,COLLINS Jackson,Male,AUS,Australia,AUS,Australia,1998-11-05
Silver Medal,HAVARD Noah,Male,AUS,Australia,AUS,Australia,2000-10-11
Bronze Medal,CRAVIOTTO Saul,Male,ESP,Spain,ESP,Spain,1984-11-03
Bronze Medal,AREVALO Carlos,Male,ESP,Spain,ESP,Spain,1993-12-06
Bronze Medal,COOPER Marcus,Male,ESP,Spain,ESP,Spain,1994-10-03
Bronze Medal,GERMADE Rodrigo,Male,ESP,Spain,ESP,Spain,1990-08-23
Gold Medal,CARRINGTON Lisa,Female,NZL,New Zealand,NZL,New Zealand,1989-06-23
Gold Medal,HOSKIN Alicia,Female,NZL,New Zealand,NZL,New Zealand,2000-02-06
Gold Medal,BRETT Olivia,Female,NZL,New Zealand,NZL,New Zealand,2001-06-18
Gold Medal,VAUGHAN Tara,Female,NZL,New Zealand,NZL,New Zealand,2003-12-28
Silver Medal,PASZEK Paulina,Female,GER,Germany,GER,Germany,1997-10-26
Silver Medal,HAKE Jule Marie,Female,GER,Germany,GER,Germany,1999-09-24
Silver Medal,JAGSCH Pauline,Female,GER,Germany,GER,Germany,2003-03-13
Silver Medal,BRUESSLER Sarah,Female,GER,Germany,GER,Germany,1994-04-08
Bronze Medal,PUPP Noemi,Female,HUN,Hungary,HUN,Hungary,1998-07-28
Bronze Medal,FOJT Sara,Female,HUN,Hungary,HUN,Hungary,2003-12-03
Bronze Medal,CSIPES Tamara,Female,HUN,Hungary,HUN,Hungary,1989-08-24
Bronze Medal,GAZSO Alida Dora,Female,HUN,Hungary,HUN,Hungary,2000-04-18
Bronze Medal,EL KAJOUI Munir,Male,MAR,Morocco,MAR,Morocco,1989-05-10
Bronze Medal,HAKIMI Achraf,Male,MAR,Morocco,MAR,Morocco,1998-11-04
Bronze Medal,NAKACH Akram,Male,MAR,Morocco,MAR,Morocco,2002-04-07
Bronze Medal,BOUKAMIR Mehdi,Male,MAR,Morocco,MAR,Morocco,2004-01-26
Bronze Medal,TAHIF Adil,Male,MAR,Morocco,MAR,Morocco,2001-02-24
Bronze Medal,BOUCHOUARI Benjamin,Male,MAR,Morocco,MAR,Morocco,2001-11-13
Bronze Medal,BEN SEGHIR Eliesse,Male,MAR,Morocco,MAR,Morocco,2005-02-16
Bronze Medal,EL KHANNOUSS Bilal,Male,MAR,Morocco,MAR,Morocco,2004-05-10
Bronze Medal,RAHIMI Soufiane,Male,MAR,Morocco,MAR,Morocco,1996-06-02
Bronze Medal,AKHOMACH Ilias,Male,MAR,Morocco,MAR,Morocco,2004-04-16
Bronze Medal,EL OUAHDI Zakaria,Male,MAR,Morocco,MAR,Morocco,2001-12-31
Bronze Medal,GHANIMI Rachid,Male,MAR,Morocco,MAR,Morocco,2001-04-25
Bronze Medal,KECHTA Yassine,Male,MAR,Morocco,MAR,Morocco,2002-02-25
Bronze Medal,TARGHALLINE Oussama,Male,MAR,Morocco,MAR,Morocco,2002-05-20
Bronze Medal,MAOUHOUB Mehdi,Male,MAR,Morocco,MAR,Morocco,2003-06-05
Bronze Medal,EZZALZOULI Abde,Male,MAR,Morocco,MAR,Morocco,2001-12-17
Bronze Medal,EL AZZOUZI Oussama,Male,MAR,Morocco,MAR,Morocco,2001-05-29
Bronze Medal,RICHARDSON Amir,Male,MAR,Morocco,MAR,Morocco,2002-01-24
Bronze Medal,MANAOUT Haytam,Male,MAR,Morocco,MAR,Morocco,2001-04-18
Gold Medal,JANSSEN Ji,Male,NED,Netherlands,NED,Netherlands,1997-10-14
Gold Medal,BALK Lars,Male,NED,Netherlands,NED,Netherlands,1996-02-26
Gold Medal,de GEUS Jonas,Male,NED,Netherlands,NED,Netherlands,1998-04-29
Gold Medal,van DAM Thijs,Male,NED,Netherlands,NED,Netherlands,1997-01-05
Gold Medal,BRINKMAN Thierry,Male,NED,Netherlands,NED,Netherlands,1995-03-19
Gold Medal,van ASS Seve,Male,NED,Netherlands,NED,Netherlands,1992-04-10
Gold Medal,CROON Jorrit Jan Willem,Male,NED,Netherlands,NED,Netherlands,1998-08-09
Gold Medal,BLOK Justen,Male,NED,Netherlands,NED,Netherlands,2000-09-27
Gold Medal,de VILDER Derck,Male,NED,Netherlands,NED,Netherlands,1998-11-23
Gold Medal,WORTELBOER Floris,Male,NED,Netherlands,NED,Netherlands,1996-08-04
Gold Medal,HOEDEMAKERS Tje,Male,NED,Netherlands,NED,Netherlands,1999-10-14
Gold Medal,BIJEN Koen,Male,NED,Netherlands,NED,Netherlands,1998-07-27
Gold Medal,de MOL Joe,Male,NED,Netherlands,NED,Netherlands,1995-12-10
Gold Medal,van HEIJNINGEN Steijn,Male,NED,Netherlands,NED,Netherlands,1997-01-28
Gold Medal,BLAAK Pirmin,Male,NED,Netherlands,NED,Netherlands,1988-03-08
Gold Medal,REYENGA Tijmen,Male,NED,Netherlands,NED,Netherlands,1999-10-10
Gold Medal,TELGENKAMP Duco,Male,NED,Netherlands,NED,Netherlands,2002-07-17
Gold Medal,MIDDENDORP Floris,Male,NED,Netherlands,NED,Netherlands,2001-06-04
Silver Medal,MUELLER Mathias,Male,GER,Germany,GER,Germany,1992-04-03
Silver Medal,GRAMBUSCH Mats,Male,GER,Germany,GER,Germany,1992-11-04
Silver Medal,WINDFEDER Lukas,Male,GER,Germany,GER,Germany,1995-05-11
Silver Medal,WELLEN Niklas,Male,GER,Germany,GER,Germany,1994-12-14
Silver Medal,GROSSE Johannes,Male,GER,Germany,GER,Germany,1997-01-07
Silver Medal,PRINZ Thies,Male,GER,Germany,GER,Germany,1998-07-07
Silver Medal,KAUFMANN Paul-Phili,Male,GER,Germany,GER,Germany,1996-06-21
Silver Medal,HINRICHS Teo,Male,GER,Germany,GER,Germany,1999-09-17
Silver Medal,GRAMBUSCH Tom,Male,GER,Germany,GER,Germany,1995-08-04
Silver Medal,PEILLAT Gonzalo,Male,GER,Germany,GER,Germany,1992-08-12
Silver Medal,RUEHR Christopher,Male,GER,Germany,GER,Germany,1993-12-19
Silver Medal,WEIGAND Justus,Male,GER,Germany,GER,Germany,2000-04-20
Silver Medal,MILTKAU Marco,Male,GER,Germany,GER,Germany,1990-08-18
Silver Medal,ZWICKER Martin,Male,GER,Germany,GER,Germany,1987-02-27
Silver Medal,MUELLER Hannes,Male,GER,Germany,GER,Germany,2000-05-18
Silver Medal,HELLWIG Malte,Male,GER,Germany,GER,Germany,1997-10-23
Silver Medal,LUDWIG Moritz,Male,GER,Germany,GER,Germany,2001-09-14
Silver Medal,DANNEBERG Jean-Paul,Male,GER,Germany,GER,Germany,2002-11-08
Bronze Medal,SINGH Jarmanpreet,Male,IND,India,IND,India,1996-07-18
Bronze Medal,ABHISHEK Abhishek,Male,IND,India,IND,India,1999-08-15
Bronze Medal,SINGH Manpreet,Male,IND,India,IND,India,1992-06-26
Bronze Medal,SINGH Hardik,Male,IND,India,IND,India,1998-09-23
Bronze Medal,SINGH Gurjant,Male,IND,India,IND,India,1995-01-26
Bronze Medal,SANJAY Sanjay,Male,IND,India,IND,India,2001-05-05
Bronze Medal,SINGH Mandee,Male,IND,India,IND,India,1995-01-25
Bronze Medal,SINGH Harmanpreet,Male,IND,India,IND,India,1996-01-06
Bronze Medal,UPADHYAY Lalit Kumar,Male,IND,India,IND,India,1993-12-01
Bronze Medal,PARATTU RAVEENDRAN Sreejesh,Male,IND,India,IND,India,1988-05-08
Bronze Medal,SUMIT Sumit,Male,IND,India,IND,India,1996-12-20
Bronze Medal,SINGH Shamsher,Male,IND,India,IND,India,1997-07-29
Bronze Medal,PAL Raj Kumar,Male,IND,India,IND,India,1998-05-01
Bronze Medal,ROHIDAS Amit,Male,IND,India,IND,India,1993-05-10
Bronze Medal,PRASAD Vivek Sagar,Male,IND,India,IND,India,2000-02-25
Bronze Medal,SINGH Sukhjeet,Male,IND,India,IND,India,1996-12-05
Gold Medal,VADLAU Lara,Female,AUT,Austria,AUT,Austria,1994-03-29
Gold Medal,MAEHR Lukas,Male,AUT,Austria,AUT,Austria,1990-04-23
Silver Medal,OKADA Keiju,Male,JPN,Japan,JPN,Japan,1995-12-02
Silver Medal,YOSHIOKA Miho,Female,JPN,Japan,JPN,Japan,1990-08-27
Bronze Medal,DAHLBERG Anton,Male,SWE,Sweden,SWE,Sweden,1985-05-10
Bronze Medal,KARLSSON Lovisa,Female,SWE,Sweden,SWE,Sweden,1995-05-24
Gold Medal,TITA Ruggero,Male,ITA,Italy,ITA,Italy,1992-03-20
Gold Medal,BANTI Caterina Marianna,Female,ITA,Italy,ITA,Italy,1987-06-13
Silver Medal,MAJDALANI Mateo,Male,ARG,Argentina,ARG,Argentina,1994-07-15
Silver Medal,BOSCO Eugenia,Female,ARG,Argentina,ARG,Argentina,1997-06-12
Bronze Medal,WILKINSON Micah,Male,NZL,New Zealand,NZL,New Zealand,1996-02-06
Bronze Medal,DAWSON Erica,Female,NZL,New Zealand,NZL,New Zealand,1994-07-24
Gold Medal,ADJIBI Eliezer,Male,CAN,Canada,CAN,Canada,2000-09-23
Gold Medal,ASEMOTA Duan,Male,CAN,Canada,CAN,Canada,1996-08-29
Gold Medal,BLAKE Jerome,Male,CAN,Canada,CAN,Canada,1995-08-18
Gold Medal,BROWN Aaron,Male,CAN,Canada,CAN,Canada,1992-05-27
Gold Medal,De GRASSE Andre,Male,CAN,Canada,CAN,Canada,1994-11-10
Gold Medal,RODNEY Brendon,Male,CAN,Canada,CAN,Canada,1992-04-09
Silver Medal,MASWANGANYI Shaun,Male,RSA,South Africa,RSA,South Africa,2001-02-01
Silver Medal,NKOANA Bradley,Male,RSA,South Africa,RSA,South Africa,2005-01-27
Silver Medal,RICHARDSON Benjamin,Male,RSA,South Africa,RSA,South Africa,2003-12-19
Silver Medal,SIMBINE Akani,Male,RSA,South Africa,RSA,South Africa,1993-09-21
Silver Medal,WALAZA Bayanda,Male,RSA,South Africa,RSA,South Africa,2006-02-09
Bronze Medal,AZU Jeremiah,Male,GBR,Great Britain,GBR,Great Britain,2001-05-15
Bronze Medal,HINCHLIFFE Louie,Male,GBR,Great Britain,GBR,Great Britain,2002-07-18
Bronze Medal,HUGHES Zharnel,Male,GBR,Great Britain,GBR,Great Britain,1995-07-13
Bronze Medal,KILTY Richard,Male,GBR,Great Britain,GBR,Great Britain,1989-09-02
Bronze Medal,MITCHELL-BLAKE Nethaneel,Male,GBR,Great Britain,GBR,Great Britain,1994-04-02
Gold Medal,DAVIS Tamari,Female,USA,United States,USA,United States,2003-02-15
Gold Medal,HOBBS Aleia,Female,USA,United States,USA,United States,1996-02-24
Gold Medal,JEFFERSON Melissa,Female,USA,United States,USA,United States,2001-02-21
Gold Medal,RICHARDSON Sha'carri,Female,USA,United States,USA,United States,2000-03-25
Gold Medal,TERRY Twanisha,Female,USA,United States,USA,United States,1999-01-24
Gold Medal,THOMAS Gabrielle,Female,USA,United States,USA,United States,1996-12-07
Silver Medal,ASHER-SMITH Dina,Female,GBR,Great Britain,GBR,Great Britain,1995-12-04
Silver Medal,HENRY Desiree,Female,GBR,Great Britain,GBR,Great Britain,1995-08-26
Silver Medal,HUNT Amy,Female,GBR,Great Britain,GBR,Great Britain,2002-05-15
Silver Medal,LANSIQUOT Imani,Female,GBR,Great Britain,GBR,Great Britain,1997-12-17
Silver Medal,NEITA Daryll,Female,GBR,Great Britain,GBR,Great Britain,1996-08-29
Silver Medal,WILLIAMS Bianca,Female,GBR,Great Britain,GBR,Great Britain,1993-12-18
Bronze Medal,BURGHARDT Alexandra,Female,GER,Germany,GER,Germany,1994-04-28
Bronze Medal,HAASE Rebekka,Female,GER,Germany,GER,Germany,1993-01-02
Bronze Medal,JUNK Sophia,Female,GER,Germany,GER,Germany,1999-03-01
Bronze Medal,LUECKENKEMPER Gina,Female,GER,Germany,GER,Germany,1996-11-21
Bronze Medal,MAYER Lisa,Female,GER,Germany,GER,Germany,1996-05-02
Gold Medal,SILVA RAMOS Ana Patricia,Female,BRA,Brazil,BRA,Brazil,1997-09-29
Gold Medal,SANTOS LISBOA Eduarda,Female,BRA,Brazil,BRA,Brazil,1998-08-01
Silver Medal,HUMANA-PAREDES Melissa,Female,CAN,Canada,CAN,Canada,1992-10-10
Silver Medal,WILKERSON Brandie,Female,CAN,Canada,CAN,Canada,1992-07-01
Bronze Medal,HUEBERLI Tanja,Female,SUI,Switzerland,SUI,Switzerland,1992-08-27
Bronze Medal,BRUNNER Nina,Female,SUI,Switzerland,SUI,Switzerland,1995-10-14
Gold Medal,SCHOPF Jacob,Male,GER,Germany,GER,Germany,1999-06-08
Gold Medal,LEMKE Max,Male,GER,Germany,GER,Germany,1996-12-02
Silver Medal,NADAS Bence,Male,HUN,Hungary,HUN,Hungary,1996-04-17
Silver Medal,TOTKA Sandor,Male,HUN,Hungary,HUN,Hungary,1994-07-27
Bronze Medal,van der WESTHUYZEN Jean,Male,AUS,Australia,AUS,Australia,1998-12-09
Bronze Medal,GREEN Tom,Male,AUS,Australia,AUS,Australia,1999-06-03
Gold Medal,XU Shixiao,Female,CHN,China,CHN,China,1992-02-16
Gold Medal,SUN Mengya,Female,CHN,China,CHN,China,2001-05-03
Silver Medal,LUZAN Liudmyla,Female,UKR,Ukraine,UKR,Ukraine,1997-03-27
Silver Medal,RYBACHOK Anastasiia,Female,UKR,Ukraine,UKR,Ukraine,1998-04-13
Bronze Medal,MACKENZIE Sloan,Female,CAN,Canada,CAN,Canada,2002-05-16
Bronze Medal,VINCENT Katie,Female,CAN,Canada,CAN,Canada,1996-03-12
Gold Medal,CARRINGTON Lisa,Female,NZL,New Zealand,NZL,New Zealand,1989-06-23
Gold Medal,HOSKIN Alicia,Female,NZL,New Zealand,NZL,New Zealand,2000-02-06
Silver Medal,CSIPES Tamara,Female,HUN,Hungary,HUN,Hungary,1989-08-24
Silver Medal,GAZSO Alida Dora,Female,HUN,Hungary,HUN,Hungary,2000-04-18
Bronze Medal,PASZEK Paulina,Female,GER,Germany,GER,Germany,1997-10-26
Bronze Medal,HAKE Jule Marie,Female,GER,Germany,GER,Germany,1999-09-24
Bronze Medal,PUPP Noemi,Female,HUN,Hungary,HUN,Hungary,1998-07-28
Bronze Medal,FOJT Sara,Female,HUN,Hungary,HUN,Hungary,2003-12-03
Gold Medal,GUAZZINI Vittoria,Female,ITA,Italy,ITA,Italy,2000-12-26
Gold Medal,CONSONNI Chiara,Female,ITA,Italy,ITA,Italy,1999-06-24
Silver Medal,EVANS Neah,Female,GBR,Great Britain,GBR,Great Britain,1990-08-01
Silver Medal,BARKER Elinor,Female,GBR,Great Britain,GBR,Great Britain,1994-09-07
Bronze Medal,van BELLE Lisa,Female,NED,Netherlands,NED,Netherlands,2004-01-30
Bronze Medal,van der DUIN Maike,Female,NED,Netherlands,NED,Netherlands,2001-09-12
Gold Medal,TENAS Arnau,Male,ESP,Spain,ESP,Spain,2001-05-30
Gold Medal,PUBILL Marc,Male,ESP,Spain,ESP,Spain,2003-06-20
Gold Medal,MIRANDA Juan,Male,ESP,Spain,ESP,Spain,2000-01-19
Gold Medal,GARCIA Eric,Male,ESP,Spain,ESP,Spain,2001-01-09
Gold Medal,CUBARSI Pau,Male,ESP,Spain,ESP,Spain,2007-01-22
Gold Medal,BARRIOS Pablo,Male,ESP,Spain,ESP,Spain,2003-06-15
Gold Medal,LOPEZ Diego,Male,ESP,Spain,ESP,Spain,2002-05-13
Gold Medal,TURRIENTES Benat,Male,ESP,Spain,ESP,Spain,2002-01-31
Gold Medal,RUIZ Abel,Male,ESP,Spain,ESP,Spain,2000-01-28
Gold Medal,BAENA Alex,Male,ESP,Spain,ESP,Spain,2001-07-20
Gold Medal,LOPEZ Fermin,Male,ESP,Spain,ESP,Spain,2003-05-11
Gold Medal,PACHECO Jon,Male,ESP,Spain,ESP,Spain,2001-01-08
Gold Medal,GARCIA Joan,Male,ESP,Spain,ESP,Spain,2001-05-04
Gold Medal,OROZ Aimar,Male,ESP,Spain,ESP,Spain,2001-11-27
Gold Medal,GUTIERREZ Miguel,Male,ESP,Spain,ESP,Spain,2001-07-27
Gold Medal,BERNABE Adrian,Male,ESP,Spain,ESP,Spain,2001-05-26
Gold Medal,GOMEZ Sergio,Male,ESP,Spain,ESP,Spain,2000-09-04
Gold Medal,OMORODION Samu,Male,ESP,Spain,ESP,Spain,2004-05-05
Gold Medal,MOSQUERA Cristhian,Male,ESP,Spain,ESP,Spain,2004-06-27
Gold Medal,SANCHEZ Juanlu,Male,ESP,Spain,ESP,Spain,2003-08-15
Gold Medal,CAMELLO Sergio,Male,ESP,Spain,ESP,Spain,2001-02-10
Gold Medal,ITURBE Alejandro,Male,ESP,Spain,ESP,Spain,2003-09-02
Silver Medal,NKAMBADIO Obed,Male,FRA,France,FRA,France,2003-02-07
Silver Medal,LUKEBA Castello,Male,FRA,France,FRA,France,2002-12-17
Silver Medal,TRUFFERT Adrien,Male,FRA,France,FRA,France,2001-11-20
Silver Medal,BADE Loic,Male,FRA,France,FRA,France,2000-04-11
Silver Medal,SILDILLIA Kiliann,Male,FRA,France,FRA,France,2002-05-16
Silver Medal,KONE Manu,Male,FRA,France,FRA,France,2001-05-17
Silver Medal,OLISE Michael,Male,FRA,France,FRA,France,2001-12-12
Silver Medal,AKLIOUCHE Maghnes,Male,FRA,France,FRA,France,2002-02-25
Silver Medal,KALIMUENDO Arnaud,Male,FRA,France,FRA,France,2002-01-20
Silver Medal,LACAZETTE Alexandre,Male,FRA,France,FRA,France,1991-05-28
Silver Medal,DOUE Desire,Male,FRA,France,FRA,France,2005-06-03
Silver Medal,MILLOT Enzo,Male,FRA,France,FRA,France,2002-07-17
Silver Medal,CHOTARD Joris,Male,FRA,France,FRA,France,2001-09-24
Silver Medal,MATETA Jean-Philippe,Male,FRA,France,FRA,France,1997-06-28
Silver Medal,LOCKO Bradley,Male,FRA,France,FRA,France,2002-05-06
Silver Medal,RESTES Guillaume,Male,FRA,France,FRA,France,2005-03-11
Silver Medal,MAGASSA Soungoutou,Male,FRA,France,FRA,France,2003-10-08
Silver Medal,CHERKI Rayan,Male,FRA,France,FRA,France,2003-08-17
Silver Medal,MATSIMA Chrislain,Male,FRA,France,FRA,France,2002-05-15
Silver Medal,DIOUF Andy,Male,FRA,France,FRA,France,2003-05-17
Silver Medal,LEPENANT Johann,Male,FRA,France,FRA,France,2002-10-22
Bronze Medal,FROHMS Merle,Female,GER,Germany,GER,Germany,1995-01-28
Bronze Medal,LINDER Sarai,Female,GER,Germany,GER,Germany,1999-10-26
Bronze Medal,HENDRICH Kathrin,Female,GER,Germany,GER,Germany,1992-04-06
Bronze Medal,SCHULZE SOLANO Bibiane,Female,GER,Germany,GER,Germany,1998-11-12
Bronze Medal,HEGERING Marina,Female,GER,Germany,GER,Germany,1990-04-17
Bronze Medal,MINGE Janina,Female,GER,Germany,GER,Germany,1999-06-11
Bronze Medal,SCHUELLER Lea,Female,GER,Germany,GER,Germany,1997-11-12
Bronze Medal,LOHMANN Sydney,Female,GER,Germany,GER,Germany,2000-06-19
Bronze Medal,NUESKEN Sjoeke,Female,GER,Germany,GER,Germany,2001-01-22
Bronze Medal,FREIGANG Laura,Female,GER,Germany,GER,Germany,1998-02-01
Bronze Medal,POPP Alexandra,Female,GER,Germany,GER,Germany,1991-04-06
Bronze Medal,BERGER Ann-Katrin,Female,GER,Germany,GER,Germany,1990-10-09
Bronze Medal,DOORSOUN Sara,Female,GER,Germany,GER,Germany,1991-11-17
Bronze Medal,SENSS Elisa,Female,GER,Germany,GER,Germany,1997-10-01
Bronze Medal,GWINN Giulia,Female,GER,Germany,GER,Germany,1999-07-02
Bronze Medal,BRAND Jule,Female,GER,Germany,GER,Germany,2002-10-16
Bronze Medal,BUEHL Klara,Female,GER,Germany,GER,Germany,2000-12-07
Bronze Medal,ENDEMANN Vivien,Female,GER,Germany,GER,Germany,2001-08-07
Bronze Medal,RAUCH Felicitas,Female,GER,Germany,GER,Germany,1996-04-30
Bronze Medal,ANYOMI Nicole,Female,GER,Germany,GER,Germany,2000-02-10
Gold Medal,VEENENDAAL Anne,Female,NED,Netherlands,NED,Netherlands,1995-09-07
Gold Medal,FOKKE Luna Noa,Female,NED,Netherlands,NED,Netherlands,2001-03-09
Gold Medal,MOES Freeke,Female,NED,Netherlands,NED,Netherlands,1998-11-29
Gold Medal,POST Lisa,Female,NED,Netherlands,NED,Netherlands,1999-01-27
Gold Medal,de WAARD Xan,Female,NED,Netherlands,NED,Netherlands,1995-11-08
Gold Medal,JANSEN Yibbi,Female,NED,Netherlands,NED,Netherlands,1999-11-18
Gold Medal,van LAARHOVEN Renee,Female,NED,Netherlands,NED,Netherlands,1997-10-15
Gold Medal,ALBERS Felice,Female,NED,Netherlands,NED,Netherlands,1999-12-27
Gold Medal,VERSCHOOR Maria,Female,NED,Netherlands,NED,Netherlands,1994-04-22
Gold Medal,KOOLEN Sanne,Female,NED,Netherlands,NED,Netherlands,1996-03-23
Gold Medal,MATLA Frederique,Female,NED,Netherlands,NED,Netherlands,1996-12-28
Gold Medal,BURG Joosje,Female,NED,Netherlands,NED,Netherlands,1997-07-29
Gold Medal,JOCHEMS Marleen,Female,NED,Netherlands,NED,Netherlands,2000-01-24
Gold Medal,SANDERS Pien,Female,NED,Netherlands,,,1998-06-11
Gold Medal,VEEN Marijn,Female,NED,Netherlands,NED,Netherlands,1996-11-18
Gold Medal,NUNNINK Laura,Female,NED,Netherlands,NED,Netherlands,1995-01-26
Gold Medal,DICKE Pien,Female,NED,Netherlands,NED,Netherlands,1999-08-28
Silver Medal,YE Jiao,Female,CHN,China,CHN,China,1994-10-21
Silver Medal,GU Bingfeng,Female,CHN,China,CHN,China,1994-01-25
Silver Medal,YANG Liu,Female,CHN,China,CHN,China,1998-09-01
Silver Medal,ZHANG Ying,Female,CHN,China,CHN,China,1998-08-29
Silver Medal,CHEN Yi,Female,CHN,China,CHN,China,1997-01-28
Silver Medal,MA Ning,Female,CHN,China,CHN,China,2000-09-29
Silver Medal,LI Hong,Female,CHN,China,CHN,China,1999-05-31
Silver Medal,OU Zixia,Female,CHN,China,CHN,China,1995-09-24
Silver Medal,DAN Wen,Female,CHN,China,CHN,China,1999-06-14
Silver Medal,ZOU Meirong,Female,CHN,China,CHN,China,2000-09-01
Silver Medal,HE Jiangxin,Female,CHN,China,CHN,China,1997-08-19
Silver Medal,FAN Yunxia,Female,CHN,China,CHN,China,2002-12-07
Silver Medal,CHEN Yang,Female,CHN,China,CHN,China,1997-02-15
Silver Medal,XU Wenyu,Female,CHN,China,CHN,China,1995-12-06
Silver Medal,ZHONG Jiaqi,Female,CHN,China,CHN,China,1999-09-23
Silver Medal,TAN Jinzhuang,Female,CHN,China,CHN,China,2003-01-27
Silver Medal,YU Anhui,Female,CHN,China,CHN,China,2001-04-30
Bronze Medal,TOCCALINO Sofia,Female,ARG,Argentina,ARG,Argentina,1997-03-20
Bronze Medal,GORZELANY Agustina,Female,ARG,Argentina,ARG,Argentina,1996-03-11
Bronze Medal,RAPOSO RUIZ de los LLANOS Valentina,Female,ARG,Argentina,ARG,Argentina,2003-01-28
Bronze Medal,ALONSO Agostina,Female,ARG,Argentina,ARG,Argentina,1995-10-01
Bronze Medal,ALBERTARRIO Agustina,Female,ARG,Argentina,ARG,Argentina,1993-01-01
Bronze Medal,GRANATTO Maria,Female,ARG,Argentina,ARG,Argentina,1995-04-21
Bronze Medal,COSENTINO Cristina,Female,ARG,Argentina,ARG,Argentina,1997-12-22
Bronze Medal,SANCHEZ MOCCIA Rocio,Female,ARG,Argentina,ARG,Argentina,1988-08-02
Bronze Medal,SAUZE VALDEZ Victoria,Female,ARG,Argentina,ARG,Argentina,1991-07-21
Bronze Medal,CAIRO Sofia,Female,ARG,Argentina,ARG,Argentina,2002-10-08
Bronze Medal,TRINCHINETTI Eugenia,Female,ARG,Argentina,ARG,Argentina,1997-07-17
Bronze Medal,CASAS Lara,Female,ARG,Argentina,ARG,Argentina,2004-06-22
Bronze Medal,CASTELLARO MORELLO Juana,Female,ARG,Argentina,ARG,Argentina,2005-03-29
Bronze Medal,CAMPOY Maria,Female,ARG,Argentina,ARG,Argentina,1990-10-06
Bronze Medal,JANKUNAS Julieta,Female,ARG,Argentina,ARG,Argentina,1999-01-20
Bronze Medal,DIAZ de ARMAS Zoe,Female,ARG,Argentina,ARG,Argentina,2006-06-05
Gold Medal,FAN Zhendong,Male,CHN,China,CHN,China,1997-01-22
Gold Medal,MA Long,Male,CHN,China,CHN,China,1988-10-20
Gold Medal,WANG Chuqin,Male,CHN,China,CHN,China,2000-05-11
Silver Medal,KALLBERG Anton,Male,SWE,Sweden,SWE,Sweden,1997-08-17
Silver Medal,KARLSSON Kristian,Male,SWE,Sweden,SWE,Sweden,1991-08-06
Silver Medal,MOREGARD Truls,Male,SWE,Sweden,SWE,Sweden,2002-02-16
Bronze Medal,GAUZY Simon,Male,FRA,France,FRA,France,1994-10-25
Bronze Medal,LEBRUN Alexis,Male,FRA,France,FRA,France,2003-08-27
Bronze Medal,LEBRUN Felix,Male,FRA,France,FRA,France,2006-09-12
Bronze Medal,ANDERSON Matthew,Male,USA,United States,USA,United States,1987-04-18
Bronze Medal,AVERILL Taylor,Male,USA,United States,USA,United States,1992-03-05
Bronze Medal,CHRISTENSON Micah,Male,USA,United States,USA,United States,1993-05-08
Bronze Medal,DEFALCO Torey,Male,USA,United States,USA,United States,1997-04-10
Bronze Medal,HOLT Maxwell,Male,USA,United States,USA,United States,1987-03-12
Bronze Medal,JAESCHKE Thomas,Male,USA,United States,USA,United States,1993-09-04
Bronze Medal,JENDRYK II Jeffrey,Male,USA,United States,USA,United States,1995-09-15
Bronze Medal,MA'A Micah,Male,USA,United States,USA,United States,1997-04-16
Bronze Medal,MUAGUTUTIA Garrett,Male,USA,United States,USA,United States,1988-02-26
Bronze Medal,RUSSELL Aaron,Male,USA,United States,USA,United States,1993-06-04
Bronze Medal,SHOJI Erik,Male,USA,United States,USA,United States,1989-08-24
Bronze Medal,SMITH David,Male,USA,United States,USA,United States,1985-05-15
Bronze Medal,ENSING Kyle,Male,USA,United States,USA,United States,1997-03-06
Gold Medal,WANG Liuyi,Female,CHN,China,CHN,China,1997-01-16
Gold Medal,WANG Qianyi,Female,CHN,China,CHN,China,1997-01-16
Silver Medal,SHORTMAN Kate,Female,GBR,Great Britain,GBR,Great Britain,2001-11-19
Silver Medal,THORPE Isabelle,Female,GBR,Great Britain,GBR,Great Britain,2001-03-04
Bronze Medal,de BROUWER Bregje,Female,NED,Netherlands,NED,Netherlands,1999-03-09
Bronze Medal,de BROUWER Noortje,Female,NED,Netherlands,NED,Netherlands,1999-03-09
Gold Medal,BAILEY Christopher,Male,USA,United States,USA,United States,2000-05-29
Gold Medal,BENJAMIN Rai,Male,USA,United States,USA,United States,1997-07-27
Gold Medal,DEADMON Bryce,Male,USA,United States,USA,United States,1997-03-26
Gold Medal,HALL Quincy,Male,USA,United States,USA,United States,1998-07-31
Gold Medal,LINDSEY Courtney,Male,USA,United States,USA,United States,1998-11-18
Gold Medal,NORMAN Michael,Male,USA,United States,USA,United States,1997-12-03
Gold Medal,NORWOOD Vernon,Male,USA,United States,USA,United States,1992-04-10
Gold Medal,WILSON Quincy,Male,USA,United States,USA,United States,2008-01-08
Silver Medal,EPPIE Lee Bhekempilo,Male,BOT,Botswana,BOT,Botswana,1999-05-18
Silver Medal,KEBINATSHIPI Busang Collen,Male,BOT,Botswana,BOT,Botswana,2004-02-13
Silver Medal,NDORI Bayapo,Male,BOT,Botswana,BOT,Botswana,1999-06-20
Silver Medal,PESELA Anthony,Male,BOT,Botswana,BOT,Botswana,2002-06-09
Silver Medal,SCOTCH Leungo,Male,BOT,Botswana,BOT,Botswana,1996-02-28
Silver Medal,TEBOGO Letsile,Male,BOT,Botswana,BOT,Botswana,2003-06-07
Bronze Medal,DAVEY Lewis,Male,GBR,Great Britain,GBR,Great Britain,2000-10-24
Bronze Medal,DOBSON Charles,Male,GBR,Great Britain,GBR,Great Britain,1999-10-20
Bronze Medal,HARRIES Toby,Male,GBR,Great Britain,GBR,Great Britain,1998-09-30
Bronze Medal,HAYDOCK-WILSON Alex,Male,GBR,Great Britain,GBR,Great Britain,1999-07-28
Bronze Medal,HUDSON-SMITH Matthew,Male,GBR,Great Britain,GBR,Great Britain,1994-10-26
Bronze Medal,REARDON Samuel,Male,GBR,Great Britain,GBR,Great Britain,2003-10-30
Bronze Medal,CARVELL Charlie,Male,GBR,Great Britain,GBR,Great Britain,2004-06-30
Gold Medal,BROWN Kaylyn,Female,USA,United States,USA,United States,2004-12-31
Gold Medal,BUTLER Aaliyah,Female,USA,United States,USA,United States,2003-11-05
Gold Medal,ELLIS Kendall,Female,USA,United States,USA,United States,1996-03-08
Gold Medal,HAYES Quanera,Female,USA,United States,USA,United States,1992-03-07
Gold Medal,HOLMES Alexis,Female,USA,United States,USA,United States,2000-01-28
Gold Medal,LITTLE Shamier,Female,USA,United States,USA,United States,1995-03-20
Gold Medal,McLAUGHLIN-LEVRONE Sydney,Female,USA,United States,USA,United States,1999-08-07
Gold Medal,THOMAS Gabrielle,Female,USA,United States,USA,United States,1996-12-07
Silver Medal,BOL Femke,Female,NED,Netherlands,NED,Netherlands,2000-02-23
Silver Medal,de WITTE Lisanne,Female,NED,Netherlands,NED,Netherlands,1992-09-10
Silver Medal,KLAVER Lieke,Female,NED,Netherlands,NED,Netherlands,1998-08-20
Silver Medal,PEETERS Cathelijn,Female,NED,Netherlands,NED,Netherlands,1996-11-06
Silver Medal,SAALBERG Eveline,Female,NED,Netherlands,NED,Netherlands,1998-07-30
Silver Medal,van de WIEL Anne,Female,NED,Netherlands,NED,Netherlands,1997-06-04
Silver Medal,van der SCHOOT Myrte,Female,NED,Netherlands,NED,Netherlands,2004-04-16
Bronze Medal,ANNING Amber,Female,GBR,Great Britain,GBR,Great Britain,2000-11-18
Bronze Medal,JOHN Yemi Mary,Female,GBR,Great Britain,GBR,Great Britain,2003-05-03
Bronze Medal,KELLY Hannah,Female,GBR,Great Britain,GBR,Great Britain,2000-12-20
Bronze Medal,NIELSEN Laviai,Female,GBR,Great Britain,GBR,Great Britain,1996-03-13
Bronze Medal,NIELSEN Lina,Female,GBR,Great Britain,GBR,Great Britain,1996-03-13
Bronze Medal,OHURUOGU Victoria,Female,GBR,Great Britain,GBR,Great Britain,1993-02-28
Bronze Medal,WILLIAMS Jodie,Female,GBR,Great Britain,GBR,Great Britain,1993-09-28
Bronze Medal,YEARGIN Nicole,Female,GBR,Great Britain,GBR,Great Britain,1997-08-11
Gold Medal,CURRY Stephen,Male,USA,United States,USA,United States,1988-03-14
Gold Medal,EDWARDS Anthony,Male,USA,United States,USA,United States,2001-08-05
Gold Medal,JAMES LeBron,Male,USA,United States,USA,United States,1984-12-30
Gold Medal,DURANT Kevin,Male,USA,United States,USA,United States,1988-09-29
Gold Medal,WHITE Derrick,Male,USA,United States,USA,United States,1994-07-02
Gold Medal,HALIBURTON Tyrese,Male,USA,United States,USA,United States,2000-02-29
Gold Medal,TATUM Jayson,Male,USA,United States,USA,United States,1998-03-03
Gold Medal,EMBIID Joel,Male,USA,United States,USA,United States,1994-03-16
Gold Medal,HOLIDAY Jrue,Male,USA,United States,USA,United States,1990-06-12
Gold Medal,ADEBAYO Bam,Male,USA,United States,USA,United States,1997-07-18
Gold Medal,DAVIS Anthony,Male,USA,United States,USA,United States,1993-03-11
Gold Medal,BOOKER Devin,Male,USA,United States,USA,United States,1996-10-30
Silver Medal,NTILIKINA Frank,Male,FRA,France,FRA,France,1998-07-28
Silver Medal,BATUM Nicolas,Male,FRA,France,FRA,France,1988-12-14
Silver Medal,ALBICY Andrew,Male,FRA,France,FRA,France,1990-03-21
Silver Medal,YABUSELE Guerschon,Male,FRA,France,FRA,France,1995-12-17
Silver Medal,CORDINIER Isaia,Male,FRA,France,FRA,France,1996-11-28
Silver Medal,FOURNIER Evan,Male,FRA,France,FRA,France,1992-10-29
Silver Medal,de COLO Nando,Male,FRA,France,FRA,France,1987-06-23
Silver Medal,LESSORT Mathias,Male,FRA,France,FRA,France,1995-09-29
Silver Medal,GOBERT Rudy,Male,FRA,France,FRA,France,1992-06-26
Silver Medal,WEMBANYAMA Victor,Male,FRA,France,FRA,France,2004-01-04
Silver Medal,STRAZEL Matthew,Male,FRA,France,FRA,France,2002-08-05
Silver Medal,COULIBALY Bilal,Male,FRA,France,FRA,France,2004-07-26
Bronze Medal,PLAVSIC Uros,Male,SRB,Serbia,SRB,Serbia,1998-12-22
Bronze Medal,PETRUSEV Fili,Male,SRB,Serbia,SRB,Serbia,2000-04-15
Bronze Medal,JOVIC Nikola,Male,SRB,Serbia,SRB,Serbia,2003-06-09
Bronze Medal,BOGDANOVIC Bogdan,Male,SRB,Serbia,SRB,Serbia,1992-08-18
Bronze Medal,MARINKOVIC Vanja,Male,SRB,Serbia,SRB,Serbia,1997-01-09
Bronze Medal,DOBRIC Ognjen,Male,SRB,Serbia,SRB,Serbia,1994-10-27
Bronze Medal,JOKIC Nikola,Male,SRB,Serbia,SRB,Serbia,1995-02-19
Bronze Medal,MICIC Vasilije,Male,SRB,Serbia,SRB,Serbia,1994-01-13
Bronze Medal,GUDURIC Marko,Male,SRB,Serbia,SRB,Serbia,1995-03-08
Bronze Medal,DAVIDOVAC Dejan,Male,SRB,Serbia,SRB,Serbia,1995-01-17
Bronze Medal,AVRAMOVIC Aleksa,Male,SRB,Serbia,SRB,Serbia,1994-10-25
Bronze Medal,MILUTINOV Nikola,Male,SRB,Serbia,SRB,Serbia,1994-12-30
Gold Medal,AHMAN David,Male,SWE,Sweden,SWE,Sweden,2001-12-20
Gold Medal,HELLVIG Jonatan,Male,SWE,Sweden,SWE,Sweden,2001-10-05
Silver Medal,EHLERS Nils,Male,GER,Germany,GER,Germany,1994-02-04
Silver Medal,WICKLER Clemens,Male,GER,Germany,GER,Germany,1995-04-28
Bronze Medal,MOL Anders Berntsen,Male,NOR,Norway,NOR,Norway,1997-07-02
Bronze Medal,SOERUM Christian Sandlie,Male,NOR,Norway,NOR,Norway,1995-12-03
Gold Medal,LEITAO Iuri,Male,POR,Portugal,POR,Portugal,1998-07-03
Gold Medal,OLIVEIRA Rui,Male,POR,Portugal,POR,Portugal,1996-09-05
Silver Medal,CONSONNI Simone,Male,ITA,Italy,ITA,Italy,1994-09-12
Silver Medal,VIVIANI Elia,Male,ITA,Italy,ITA,Italy,1989-02-07
Bronze Medal,LARSEN Niklas,Male,DEN,Denmark,DEN,Denmark,1997-03-22
Bronze Medal,MOERKOEV Michael,Male,DEN,Denmark,DEN,Denmark,1985-04-30
Gold Medal,NAEHER Alyssa,Female,USA,United States,USA,United States,1988-04-20
Gold Medal,FOX Emily,Female,USA,United States,USA,United States,1998-07-05
Gold Medal,ALBERT Korbin,Female,USA,United States,USA,United States,2003-10-13
Gold Medal,GIRMA Naomi,Female,USA,United States,USA,United States,2000-06-14
Gold Medal,RODMAN Trinity,Female,USA,United States,USA,United States,2002-05-20
Gold Medal,KRUEGER Casey,Female,USA,United States,USA,United States,1990-08-23
Gold Medal,DUNN Crystal,Female,USA,United States,USA,United States,1992-07-03
Gold Medal,WILLIAMS Lynn,Female,USA,United States,USA,United States,1993-05-21
Gold Medal,SWANSON Mallory,Female,USA,United States,USA,United States,1998-04-29
Gold Medal,HORAN Lindsey,Female,USA,United States,USA,United States,1994-05-26
Gold Medal,SMITH Sophia,Female,USA,United States,USA,United States,2000-08-10
Gold Medal,DAVIDSON Tierna,Female,USA,United States,USA,United States,1998-09-19
Gold Medal,NIGHSWONGER Jenna,Female,USA,United States,USA,United States,2000-11-28
Gold Medal,SONNETT Emily,Female,USA,United States,USA,United States,1993-11-25
Gold Medal,SHAW Jaedyn,Female,USA,United States,USA,United States,2004-11-20
Gold Medal,LAVELLE Rose,Female,USA,United States,USA,United States,1995-05-14
Gold Medal,COFFEY Samantha,Female,USA,United States,USA,United States,1998-12-31
Gold Medal,MURPHY Casey,Female,USA,United States,USA,United States,1996-04-25
Gold Medal,BETHUNE Croix,Female,USA,United States,USA,United States,2001-03-14
Gold Medal,SAMS Emily,Female,USA,United States,USA,United States,1999-07-01
Silver Medal,LORENA,Female,BRA,Brazil,BRA,Brazil,1997-05-06
Silver Medal,ANTONIA,Female,BRA,Brazil,BRA,Brazil,1994-04-26
Silver Medal,TARCIANE,Female,BRA,Brazil,BRA,Brazil,2003-05-27
Silver Medal,RAFAELLE,Female,BRA,Brazil,BRA,Brazil,1991-06-18
Silver Medal,DUDA SAMPAIO,Female,BRA,Brazil,BRA,Brazil,2001-05-18
Silver Medal,TAMIRES,Female,BRA,Brazil,BRA,Brazil,1987-10-10
Silver Medal,KEROLIN,Female,BRA,Brazil,BRA,Brazil,1999-11-17
Silver Medal,VITORIA YAYA,Female,BRA,Brazil,BRA,Brazil,2002-01-23
Silver Medal,ADRIANA,Female,BRA,Brazil,BRA,Brazil,1996-11-17
Silver Medal,MARTA,Female,BRA,Brazil,BRA,Brazil,1986-02-19
Silver Medal,JHENIFFER,Female,BRA,Brazil,BRA,Brazil,2001-11-06
Silver Medal,TAINA,Female,BRA,Brazil,BRA,Brazil,1995-05-01
Silver Medal,YASMIM,Female,BRA,Brazil,BRA,Brazil,1996-10-28
Silver Medal,LUDMILA,Female,BRA,Brazil,BRA,Brazil,1994-12-01
Silver Medal,THAIS,Female,BRA,Brazil,BRA,Brazil,1996-05-01
Silver Medal,GABI NUNES,Female,BRA,Brazil,BRA,Brazil,1997-03-10
Silver Medal,ANA VITORIA,Female,BRA,Brazil,BRA,Brazil,2000-03-06
Silver Medal,GABI PORTILHO,Female,BRA,Brazil,BRA,Brazil,1995-07-18
Silver Medal,PRISCILA,Female,BRA,Brazil,BRA,Brazil,2004-08-22
Silver Medal,ANGELINA,Female,BRA,Brazil,BRA,Brazil,2000-01-26
Silver Medal,LAUREN,Female,BRA,Brazil,BRA,Brazil,2002-09-13
Silver Medal,LUCIANA,Female,BRA,Brazil,BRA,Brazil,1987-07-24
Gold Medal,KRISTIANSEN Veronica,Female,NOR,Norway,NOR,Norway,1990-07-10
Gold Medal,AARDAHL Maren,Female,NOR,Norway,NOR,Norway,1994-03-02
Gold Medal,SKOGRAND Stine,Female,NOR,Norway,NOR,Norway,1993-03-03
Gold Medal,MOERK Nora,Female,NOR,Norway,NOR,Norway,1991-04-05
Gold Medal,OFTEDAL Stine Bredal,Female,NOR,Norway,NOR,Norway,1991-09-25
Gold Medal,SOLBERG-OESTHASSEL Silje,Female,NOR,Norway,NOR,Norway,1990-06-16
Gold Medal,BRATTSET DALE Kari,Female,NOR,Norway,NOR,Norway,1991-02-15
Gold Medal,BREISTOEL Kristine,Female,NOR,Norway,NOR,Norway,1993-08-23
Gold Medal,INGSTAD Vilde,Female,NOR,Norway,NOR,Norway,1994-12-18
Gold Medal,LUNDE Katrine,Female,NOR,Norway,NOR,Norway,1980-03-30
Gold Medal,JACOBSEN Marit,Female,NOR,Norway,NOR,Norway,1994-02-25
Gold Medal,HERREM Camilla,Female,NOR,Norway,NOR,Norway,1986-10-08
Gold Medal,SOLBERG-ISAKSEN Sanna,Female,NOR,Norway,NOR,Norway,1990-06-16
Gold Medal,REISTAD Henny,Female,NOR,Norway,NOR,Norway,1999-02-09
Gold Medal,RUSHFELDT DEILA Thale,Female,NOR,Norway,NOR,Norway,2000-01-15
Silver Medal,GLAUSER Laura,Female,FRA,France,FRA,France,1993-08-20
Silver Medal,NOCANDY Meline,Female,FRA,France,FRA,France,1998-02-25
Silver Medal,TOUBLANC Alicia,Female,FRA,France,FRA,France,1996-05-03
Silver Medal,VALENTINI Chloe,Female,FRA,France,FRA,France,1995-04-19
Silver Medal,LASSOURCE Coralie,Female,FRA,France,FRA,France,1992-09-01
Silver Medal,ZAADI DEUNA Grace,Female,FRA,France,FRA,France,1993-07-07
Silver Medal,DARLEUX MINGAM Cleopatre,Female,FRA,France,FRA,France,1989-07-01
Silver Medal,FLIPPES Laura,Female,FRA,France,FRA,France,1994-12-13
Silver Medal,KANOR Orlane,Female,FRA,France,FRA,France,1997-06-16
Silver Medal,HORACEK Tamara,Female,FRA,France,FRA,France,1995-11-05
Silver Medal,FOPPA Pauletta,Female,FRA,France,FRA,France,2000-12-22
Silver Medal,NZE MINKO Estelle,Female,FRA,France,FRA,France,1991-08-11
Silver Medal,ONDONO Onacia,Female,FRA,France,FRA,France,1996-04-14
Silver Medal,GRANIER Lucie,Female,FRA,France,FRA,France,1999-06-11
Silver Medal,BOUKTIT Sarah,Female,FRA,France,FRA,France,2002-08-27
Silver Medal,GRANDVEAU Lena,Female,FRA,France,FRA,France,2003-01-21
Silver Medal,SAKO Hatadou,Female,FRA,France,FRA,France,1995-10-21
Bronze Medal,TOFT Sandra,Female,DEN,Denmark,DEN,Denmark,1989-10-18
Bronze Medal,AABERG IVERSEN Sarah,Female,DEN,Denmark,DEN,Denmark,1990-04-10
Bronze Medal,ELVER Helena,Female,DEN,Denmark,DEN,Denmark,1998-03-01
Bronze Medal,HANSEN Anne Mette,Female,DEN,Denmark,DEN,Denmark,1994-08-25
Bronze Medal,HEINDAHL Kathrine,Female,DEN,Denmark,DEN,Denmark,1992-03-26
Bronze Medal,HAUGSTED Line,Female,DEN,Denmark,DEN,Denmark,1994-11-11
Bronze Medal,REINHARDT Althea,Female,DEN,Denmark,DEN,Denmark,1996-09-01
Bronze Medal,TRANBORG Mette,Female,DEN,Denmark,DEN,Denmark,1996-01-01
Bronze Medal,JOERGENSEN Kristina,Female,DEN,Denmark,DEN,Denmark,1998-01-17
Bronze Medal,OESTERGAARD Trine,Female,DEN,Denmark,DEN,Denmark,1991-10-17
Bronze Medal,VINTER BURGAARD Louise,Female,DEN,Denmark,DEN,Denmark,1992-10-17
Bronze Medal,HOEJLUND Mie,Female,DEN,Denmark,DEN,Denmark,1997-10-24
Bronze Medal,FRIIS Emma,Female,DEN,Denmark,DEN,Denmark,1999-10-31
Bronze Medal,IVERSEN Rikke,Female,DEN,Denmark,DEN,Denmark,1993-05-18
Bronze Medal,MOELLER Michala,Female,DEN,Denmark,DEN,Denmark,2000-02-16
Gold Medal,CHEN Meng,Female,CHN,China,CHN,China,1994-01-15
Gold Medal,SUN Yingsha,Female,CHN,China,CHN,China,2000-11-04
Gold Medal,WANG Manyu,Female,CHN,China,CHN,China,1999-02-09
Silver Medal,HAYATA Hina,Female,JPN,Japan,JPN,Japan,2000-07-07
Silver Medal,HARIMOTO Miwa,Female,JPN,Japan,JPN,Japan,2008-06-16
Silver Medal,HIRANO Miu,Female,JPN,Japan,JPN,Japan,2000-04-14
Bronze Medal,SHIN Yubin,Female,KOR,Korea,KOR,Korea,2004-07-05
Bronze Medal,JEON Jihee,Female,KOR,Korea,KOR,Korea,1992-10-28
Bronze Medal,LEE Eunhye,Female,KOR,Korea,KOR,Korea,1995-05-02
Gold Medal,GREBENNIKOV Jenia,Male,FRA,France,FRA,France,1990-08-13
Gold Medal,CHINENYEZE Barthelemy,Male,FRA,France,FRA,France,1998-02-28
Gold Medal,JOUFFROY Quentin,Male,FRA,France,FRA,France,1993-07-05
Gold Medal,le GOFF Nicolas,Male,FRA,France,FRA,France,1992-02-15
Gold Medal,FAURE Theo,Male,FRA,France,FRA,France,1999-10-12
Gold Medal,PATRY Jean,Male,FRA,France,FRA,France,1996-12-27
Gold Medal,BRIZARD Antoine,Male,FRA,France,FRA,France,1994-05-22
Gold Medal,TONIUTTI Benjamin,Male,FRA,France,FRA,France,1989-10-30
Gold Medal,CLEVENOT Trevor,Male,FRA,France,FRA,France,1994-06-28
Gold Medal,LOUATI Yacine,Male,FRA,France,FRA,France,1992-03-04
Gold Medal,NGAPETH Earvin,Male,FRA,France,FRA,France,1991-02-12
Gold Medal,TILLIE Kevin,Male,FRA,France,FRA,France,1990-11-02
Gold Medal,CARLE Timothee,Male,FRA,France,FRA,France,1995-11-30
Silver Medal,KACZMAREK Lukasz,Male,POL,Poland,POL,Poland,1994-06-29
Silver Medal,KUREK Bartosz,Male,POL,Poland,POL,Poland,1988-08-29
Silver Medal,LEON VENERO Wilfredo,Male,POL,Poland,POL,Poland,1993-07-31
Silver Medal,SLIWKA Aleksander,Male,POL,Poland,POL,Poland,1995-05-24
Silver Medal,LOMACZ Grzegorz,Male,POL,Poland,POL,Poland,1987-10-01
Silver Medal,KOCHANOWSKI Jakub,Male,POL,Poland,POL,Poland,1997-07-17
Silver Medal,SEMENIUK Kamil,Male,POL,Poland,POL,Poland,1996-07-16
Silver Medal,ZATORSKI Pawel,Male,POL,Poland,POL,Poland,1990-06-21
Silver Medal,JANUSZ Marcin,Male,POL,Poland,POL,Poland,1994-07-31
Silver Medal,BIENIEK Mateusz,Male,POL,Poland,POL,Poland,1994-04-05
Silver Medal,FORNAL Tomasz,Male,POL,Poland,POL,Poland,1997-08-31
Silver Medal,HUBER Norbert,Male,POL,Poland,POL,Poland,1998-08-14
Silver Medal,BOLADZ Bartlomiej,Male,POL,Poland,POL,Poland,1994-09-28
Bronze Medal,DUARTE ALECRIM Diana,Female,BRA,Brazil,BRA,Brazil,1999-02-22
Bronze Medal,ALEXANDRE COSTA NUNES Nyeme Victor,Female,BRA,Brazil,BRA,Brazil,1998-10-11
Bronze Medal,SILVA CARNEIRO Macris Fernanda,Female,BRA,Brazil,BRA,Brazil,1989-03-03
Bronze Medal,DAHER de MENEZES Thaisa,Female,BRA,Brazil,BRA,Brazil,1987-05-15
Bronze Medal,MONTIBELLER Rosamaria,Female,BRA,Brazil,BRA,Brazil,1994-04-09
Bronze Medal,RATZKE Roberta Silva,Female,BRA,Brazil,BRA,Brazil,1990-04-28
Bronze Medal,BRAGA GUIMARAES Gabriela,Female,BRA,Brazil,BRA,Brazil,1994-05-19
Bronze Medal,MENEZES OLIVEIRA de SOUZA Ana Cris,Female,BRA,Brazil,BRA,Brazil,2004-04-07
Bronze Medal,da SILVA Ana Carolina,Female,BRA,Brazil,BRA,Brazil,1991-04-08
Bronze Medal,BERGMANN Julia Isabelle,Female,BRA,Brazil,BRA,Brazil,2001-02-21
Bronze Medal,LEMES SANTOS Tainara,Female,BRA,Brazil,BRA,Brazil,2000-03-09
Bronze Medal,GERALDO TEIXEIRA Lorenne,Female,BRA,Brazil,BRA,Brazil,1996-01-08
Bronze Medal,ARAUJO Natalia,Female,BRA,Brazil,BRA,Brazil,1997-04-10
Gold Medal,ESTER RAMOS Laura,Female,ESP,Spain,ESP,Spain,1990-01-22
Gold Medal,PIRALKOVA COELLO Isabel,Female,ESP,Spain,ESP,Spain,2005-06-23
Gold Medal,ESPAR LLAQUET Anni,Female,ESP,Spain,ESP,Spain,1993-01-08
Gold Medal,ORTIZ Bea,Female,ESP,Spain,ESP,Spain,1995-06-21
Gold Medal,PEREZ VIVAS Nona,Female,ESP,Spain,ESP,Spain,2003-04-10
Gold Medal,CRESPI BARRIGA Paula,Female,ESP,Spain,ESP,Spain,1998-04-07
Gold Medal,RUIZ BARRIL Elena,Female,ESP,Spain,ESP,Spain,2004-10-29
Gold Medal,PENA Pili,Female,ESP,Spain,ESP,Spain,1986-04-04
Gold Medal,FORCA ARIZA Judith,Female,ESP,Spain,ESP,Spain,1996-06-07
Gold Medal,CAMUS Paula,Female,ESP,Spain,ESP,Spain,2002-02-12
Gold Medal,GARCIA GODOY Maica,Female,ESP,Spain,ESP,Spain,1990-10-17
Gold Medal,LEITON ARRONES Paula,Female,ESP,Spain,ESP,Spain,2000-04-27
Gold Medal,TERRE Martina,Female,ESP,Spain,ESP,Spain,2002-08-28
Silver Medal,PALM Gabriella,Female,AUS,Australia,AUS,Australia,1998-05-20
Silver Medal,GOFERS Keesja,Female,AUS,Australia,AUS,Australia,1990-03-16
Silver Medal,ARMIT Elle,Female,AUS,Australia,AUS,Australia,1991-08-20
Silver Medal,HALLIGAN Bronte,Female,AUS,Australia,AUS,Australia,1996-08-12
Silver Medal,GREEN Sienna,Female,AUS,Australia,AUS,Australia,2004-11-01
Silver Medal,ANDREWS Abby,Female,AUS,Australia,AUS,Australia,2000-11-28
Silver Medal,ANDREWS Charlize,Female,AUS,Australia,AUS,Australia,2001-12-26
Silver Medal,HEARN Sienna,Female,AUS,Australia,AUS,Australia,2002-07-16
Silver Medal,ARANCINI Zoe,Female,AUS,Australia,AUS,Australia,1991-07-14
Silver Medal,WILLIAMS Alice,Female,AUS,Australia,AUS,Australia,1998-12-24
Silver Medal,KEARNS Tilly,Female,AUS,Australia,AUS,Australia,2000-10-02
Silver Medal,JACKOVICH Danijela,Female,AUS,Australia,AUS,Australia,1994-11-04
Silver Medal,LONGMAN Genevieve,Female,AUS,Australia,AUS,Australia,1995-10-02
Bronze Medal,AARTS Laura,Female,NED,Netherlands,NED,Netherlands,1996-08-10
Bronze Medal,WOLVES Iris,Female,NED,Netherlands,NED,Netherlands,1994-05-09
Bronze Medal,SLEEKING Brigitte,Female,NED,Netherlands,NED,Netherlands,1998-03-19
Bronze Medal,van der SLOOT Sabrina,Female,NED,Netherlands,NED,Netherlands,1991-03-16
Bronze Medal,KEUNING Maartje,Female,NED,Netherlands,NED,Netherlands,1998-04-26
Bronze Medal,van de KRAATS Simone,Female,NED,Netherlands,NED,Netherlands,2000-11-15
Bronze Medal,ROGGE Bente,Female,NED,Netherlands,NED,Netherlands,1997-10-02
Bronze Medal,SEVENICH Vivian,Female,NED,Netherlands,NED,Netherlands,1993-02-28
Bronze Medal,JOUSTRA Kittylynn,Female,NED,Netherlands,NED,Netherlands,1998-01-11
Bronze Medal,ROGGE Lieke,Female,NED,Netherlands,NED,Netherlands,2000-11-30
Bronze Medal,MOOLHUIJZEN Lola,Female,NED,Netherlands,NED,Netherlands,2004-08-17
Bronze Medal,TEN BROEK Nina,Female,NED,Netherlands,NED,Netherlands,2001-07-04
Bronze Medal,BUIS Sarah,Female,NED,Netherlands,NED,Netherlands,2000-03-20
Gold Medal,LOYD Jewell,Female,USA,United States,USA,United States,1993-10-05
Gold Medal,PLUM Kelsey,Female,USA,United States,USA,United States,1994-08-24
Gold Medal,IONESCU Sabrina,Female,USA,United States,USA,United States,1997-12-06
Gold Medal,COPPER Kahleah,Female,USA,United States,USA,United States,1994-08-28
Gold Medal,GRAY Chelsea,Female,USA,United States,USA,United States,1992-10-08
Gold Medal,WILSON A'ja,Female,USA,United States,USA,United States,1996-08-08
Gold Medal,STEWART Breanna,Female,USA,United States,USA,United States,1994-08-27
Gold Medal,COLLIER Napheesa,Female,USA,United States,USA,United States,1996-09-23
Gold Medal,TAURASI Diana,Female,USA,United States,USA,United States,1982-06-11
Gold Medal,YOUNG Jackie,Female,USA,United States,USA,United States,1997-09-16
Gold Medal,THOMAS Alyssa,Female,USA,United States,USA,United States,1992-04-12
Gold Medal,GRINER Brittney,Female,USA,United States,USA,United States,1990-10-18
Silver Medal,FAUTHOUX Marine,Female,FRA,France,FRA,France,2001-01-23
Silver Medal,CHERY Alexia,Female,FRA,France,FRA,France,1998-09-05
Silver Medal,MICHEL BOURY Sarah,Female,FRA,France,FRA,France,1989-01-10
Silver Medal,AYAYI Valeriane,Female,FRA,France,FRA,France,1994-04-29
Silver Medal,RUPERT Iliana,Female,FRA,France,FRA,France,2001-07-12
Silver Medal,SALAUN Janelle,Female,FRA,France,FRA,France,2001-09-05
Silver Medal,MALONGA Dominique,Female,FRA,France,FRA,France,2005-11-16
Silver Medal,WILLIAMS Gabby,Female,FRA,France,FRA,France,1996-09-09
Silver Medal,BADIANE Marieme,Female,FRA,France,FRA,France,1994-11-24
Silver Medal,JOHANNES Marine,Female,FRA,France,FRA,France,1995-01-21
Silver Medal,LACAN Leila,Female,FRA,France,FRA,France,2004-06-02
Silver Medal,BERNIES Romane,Female,FRA,France,FRA,France,1993-06-27
Bronze Medal,MELBOURNE Jade,Female,AUS,Australia,AUS,Australia,2002-08-18
Bronze Medal,WALLACE Kristy,Female,AUS,Australia,AUS,Australia,1996-01-03
Bronze Medal,TALBOT Steph,Female,AUS,Australia,AUS,Australia,1994-06-15
Bronze Medal,MADGEN Tess,Female,AUS,Australia,AUS,Australia,1990-08-12
Bronze Medal,SMITH Alanna,Female,AUS,Australia,AUS,Australia,1996-09-10
Bronze Medal,MAGBEGOR Ezi,Female,AUS,Australia,AUS,Australia,1999-08-13
Bronze Medal,TOLO Marianna,Female,AUS,Australia,AUS,Australia,1989-07-02
Bronze Medal,GEORGE Cayla,Female,AUS,Australia,AUS,Australia,1989-05-01
Bronze Medal,ATWELL Amy,Female,AUS,Australia,AUS,Australia,1998-06-30
Bronze Medal,BORLASE Isobel,Female,AUS,Australia,AUS,Australia,2004-09-12
Bronze Medal,JACKSON Lauren,Female,AUS,Australia,AUS,Australia,1981-05-11
Bronze Medal,WHITCOMB Sami,Female,AUS,Australia,AUS,Australia,1988-07-20
Gold Medal,JACOBSEN Niklas Landin,Male,DEN,Denmark,DEN,Denmark,1988-12-19
Gold Medal,KIRKELOEKKE Niclas,Male,DEN,Denmark,DEN,Denmark,1994-03-26
Gold Medal,JACOBSEN Magnus Landin,Male,DEN,Denmark,DEN,Denmark,1995-08-20
Gold Medal,JAKOBSEN Emil,Male,DEN,Denmark,DEN,Denmark,1998-01-24
Gold Medal,LAUGE Rasmus,Male,DEN,Denmark,DEN,Denmark,1991-06-20
Gold Medal,NIELSEN Emil,Male,DEN,Denmark,DEN,Denmark,1997-03-10
Gold Medal,SAUGSTRUP Magnus,Male,DEN,Denmark,DEN,Denmark,1996-07-12
Gold Medal,LINDBERG Hans,Male,DEN,Denmark,DEN,Denmark,1981-08-01
Gold Medal,GIDSEL Mathias,Male,DEN,Denmark,DEN,Denmark,1999-02-08
Gold Medal,MOELLGAARD Henrik,Male,DEN,Denmark,DEN,Denmark,1985-01-02
Gold Medal,HANSEN Mikkel,Male,DEN,Denmark,DEN,Denmark,1987-10-22
Gold Medal,JOERGENSEN Lukas,Male,DEN,Denmark,DEN,Denmark,1999-03-31
Gold Medal,ANDERSSON Lasse,Male,DEN,Denmark,DEN,Denmark,1994-03-11
Gold Medal,HALD Simon,Male,DEN,Denmark,DEN,Denmark,1994-09-28
Gold Medal,ARNOLDSEN Thomas,Male,DEN,Denmark,DEN,Denmark,2002-01-11
Gold Medal,PYTLICK Simon,Male,DEN,Denmark,DEN,Denmark,2000-12-11
Silver Medal,SPAETH David,Male,GER,Germany,GER,Germany,2002-04-29
Silver Medal,GOLLA Johannes,Male,GER,Germany,GER,Germany,1997-11-05
Silver Medal,WITZKE Luca,Male,GER,Germany,GER,Germany,1999-04-03
Silver Medal,HEYMANN Sebastian,Male,GER,Germany,GER,Germany,1998-03-01
Silver Medal,FISCHER Justus,Male,GER,Germany,GER,Germany,2003-02-06
Silver Medal,KNORR Juri,Male,GER,Germany,GER,Germany,2000-05-09
Silver Medal,KOESTER Julian,Male,GER,Germany,GER,Germany,2000-03-16
Silver Medal,USCINS Renars,Male,GER,Germany,GER,Germany,2002-04-29
Silver Medal,HAEFNER Kai,Male,GER,Germany,GER,Germany,1989-07-10
Silver Medal,HORNKE Tim,Male,GER,Germany,GER,Germany,1990-08-04
Silver Medal,WOLFF Andreas,Male,GER,Germany,GER,Germany,1991-03-03
Silver Medal,DAHMKE Rune,Male,GER,Germany,GER,Germany,1993-04-10
Silver Medal,MERTENS Lukas,Male,GER,Germany,GER,Germany,1996-03-22
Silver Medal,STEINERT Christoph,Male,GER,Germany,GER,Germany,1990-01-18
Silver Medal,GRGIC Marko,Male,GER,Germany,GER,Germany,2003-09-11
Silver Medal,KOHLBACHER Jannik,Male,GER,Germany,GER,Germany,1995-07-19
Bronze Medal,PEREZ de VARGAS Gonzalo,Male,ESP,Spain,ESP,Spain,1991-01-10
Bronze Medal,MAQUEDA Jorge,Male,ESP,Spain,ESP,Spain,1988-02-06
Bronze Medal,DUJSHEBAEV Alex,Male,ESP,Spain,ESP,Spain,1992-12-17
Bronze Medal,CORRALES Rodrigo,Male,ESP,Spain,ESP,Spain,1991-01-24
Bronze Medal,FIGUERAS Adrian,Male,ESP,Spain,ESP,Spain,1988-08-31
Bronze Medal,GARCIANDIA Imanol,Male,ESP,Spain,ESP,Spain,1995-04-30
Bronze Medal,SERDIO Abel,Male,ESP,Spain,ESP,Spain,1994-04-16
Bronze Medal,CASADO Agustin,Male,ESP,Spain,ESP,Spain,1996-05-21
Bronze Medal,GOMEZ Aleix,Male,ESP,Spain,ESP,Spain,1997-05-07
Bronze Medal,TARRAFETA Ian,Male,ESP,Spain,ESP,Spain,1999-01-04
Bronze Medal,SANCHEZ-MIGALLON Miguel,Male,ESP,Spain,ESP,Spain,1995-02-08
Bronze Medal,DUJSHEBAEV Daniel,Male,ESP,Spain,ESP,Spain,1997-07-04
Bronze Medal,ODRIOZOLA Kauldi,Male,ESP,Spain,ESP,Spain,1997-01-07
Bronze Medal,FERNANDEZ Daniel,Male,ESP,Spain,ESP,Spain,2001-03-28
Bronze Medal,RODRIGUEZ Javier,Male,ESP,Spain,ESP,Spain,2002-07-22
Gold Medal,CAMBI Carlotta,Female,ITA,Italy,ITA,Italy,1996-05-28
Gold Medal,de GENNARO Monica,Female,ITA,Italy,ITA,Italy,1987-01-08
Gold Medal,ORRO Alessia,Female,ITA,Italy,ITA,Italy,1998-07-18
Gold Medal,BOSETTI Caterina Chiara,Female,ITA,Italy,ITA,Italy,1994-02-02
Gold Medal,DANESI Anna,Female,ITA,Italy,ITA,Italy,1996-04-20
Gold Medal,SYLLA Myriam Fatime,Female,ITA,Italy,ITA,Italy,1995-01-08
Gold Medal,EGONU Paola Ogechi,Female,ITA,Italy,ITA,Italy,1998-12-18
Gold Medal,FAHR Sarah Luisa,Female,ITA,Italy,ITA,Italy,2001-09-12
Gold Medal,ANTROPOVA Ekaterina,Female,ITA,Italy,ITA,Italy,2003-03-19
Gold Medal,GIOVANNINI Gaia,Female,ITA,Italy,ITA,Italy,2001-12-17
Gold Medal,SPIRITO Ilaria,Female,ITA,Italy,ITA,Italy,1994-02-20
Gold Medal,LUBIAN Marina,Female,ITA,Italy,ITA,Italy,2000-04-11
Gold Medal,OMORUYI Oghosasere Loveth,Female,ITA,Italy,ITA,Italy,2002-08-25
Silver Medal,SKINNER Avery,Female,USA,United States,USA,United States,1999-04-25
Silver Medal,RETTKE Dana,Female,USA,United States,USA,United States,1999-01-21
Silver Medal,ROBINSON Kelsey,Female,USA,United States,USA,United States,1992-06-25
Silver Medal,THOMPSON Jordan,Female,USA,United States,USA,United States,1997-05-05
Silver Medal,WASHINGTON Haleigh,Female,USA,United States,USA,United States,1995-09-22
Silver Medal,WONG-ORANTES Justine,Female,USA,United States,USA,United States,1995-10-06
Silver Medal,POULTER Jordyn,Female,USA,United States,USA,United States,1997-07-31
Silver Medal,CARLINI Lauren,Female,USA,United States,USA,United States,1995-02-28
Silver Medal,LARSON Jordan,Female,USA,United States,USA,United States,1986-10-16
Silver Medal,DREWS Andrea,Female,USA,United States,USA,United States,1993-12-25
Silver Medal,PLUMMER Kathryn,Female,USA,United States,USA,United States,1998-10-16
Silver Medal,OGBOGU Chiaka,Female,USA,United States,USA,United States,1995-04-15
Silver Medal,HANCOCK Micha,Female,USA,United States,USA,United States,1992-11-10
Gold Medal,FILIPOVIC Radoslav,Male,SRB,Serbia,SRB,Serbia,1997-08-19
Gold Medal,MANDIC Dusan,Male,SRB,Serbia,SRB,Serbia,1994-06-16
Gold Medal,RASOVIC Strahinja,Male,SRB,Serbia,SRB,Serbia,1992-03-09
Gold Medal,RANDELOVIC Sava,Male,SRB,Serbia,SRB,Serbia,1993-07-17
Gold Medal,CUK Milos,Male,SRB,Serbia,SRB,Serbia,1990-12-21
Gold Medal,DEDOVIC Nikola,Male,SRB,Serbia,SRB,Serbia,1992-01-25
Gold Medal,DRASOVIC Radomir,Male,SRB,Serbia,SRB,Serbia,1997-07-22
Gold Medal,JAKSIC Nikola,Male,SRB,Serbia,SRB,Serbia,1997-01-17
Gold Medal,VICO Nemanja,Male,SRB,Serbia,SRB,Serbia,1994-11-19
Gold Medal,UBOVIC Nemanja,Male,SRB,Serbia,SRB,Serbia,1991-02-24
Gold Medal,RASOVIC Viktor,Male,SRB,Serbia,SRB,Serbia,1993-08-13
Gold Medal,JAKSIC Petar,Male,SRB,Serbia,SRB,Serbia,2001-07-20
Gold Medal,MISOVIC Vladimir,Male,SRB,Serbia,SRB,Serbia,2001-09-15
Silver Medal,BIJAC Marko,Male,CRO,Croatia,CRO,Croatia,1991-01-12
Silver Medal,BURIC Rino,Male,CRO,Croatia,CRO,Croatia,1997-04-05
Silver Medal,FATOVIC Loren,Male,CRO,Croatia,CRO,Croatia,1996-11-16
Silver Medal,LONCAR Luka,Male,CRO,Croatia,CRO,Croatia,1987-06-26
Silver Medal,JOKOVIC Maro,Male,CRO,Croatia,CRO,Croatia,1987-10-01
Silver Medal,BUKIC Luka,Male,CRO,Croatia,CRO,Croatia,1994-04-30
Silver Medal,VUKICEVIC Ante,Male,CRO,Croatia,CRO,Croatia,1993-02-24
Silver Medal,ZUVELA Marko,Male,CRO,Croatia,CRO,Croatia,2001-12-22
Silver Medal,MARINIC KRAGIC Jerko,Male,CRO,Croatia,CRO,Croatia,1991-01-24
Silver Medal,VRLIC Josi,Male,CRO,Croatia,CRO,Croatia,1986-04-25
Silver Medal,BILJAKA Matias,Male,CRO,Croatia,CRO,Croatia,1999-01-20
Silver Medal,KHARKOV Konstantin,Male,CRO,Croatia,CRO,Croatia,1997-02-23
Silver Medal,POPADIC Toni,Male,CRO,Croatia,CRO,Croatia,1994-11-05
Bronze Medal,WEINBERG Adrian,Male,USA,United States,USA,United States,2001-11-25
Bronze Medal,HOOPER Johnny,Male,USA,United States,USA,United States,1997-06-24
Bronze Medal,VAVIC Marko,Male,USA,United States,USA,United States,1999-04-25
Bronze Medal,OBERT Alex,Male,USA,United States,USA,United States,1991-12-18
Bronze Medal,DAUBE Hannes,Male,USA,United States,USA,United States,2000-01-05
Bronze Medal,CUPIDO Luca,Male,USA,United States,USA,United States,1995-11-09
Bronze Medal,HALLOCK Ben,Male,USA,United States,USA,United States,1997-11-22
Bronze Medal,WOODHEAD Dylan,Male,USA,United States,USA,United States,1998-09-25
Bronze Medal,BOWEN Alex,Male,USA,United States,USA,United States,1993-09-04
Bronze Medal,DODD Chase William,Male,USA,United States,USA,United States,2003-04-05
Bronze Medal,DODD Ryder,Male,USA,United States,USA,United States,2006-01-19
Bronze Medal,IRVING Max,Male,USA,United States,USA,United States,1995-05-21
Bronze Medal,HOLLAND Drew,Male,USA,United States,USA,United States,1995-04-11
Gold Medal,DING Xinyi,Female,CHN,China,CHN,China,2004-08-27
Gold Medal,GUO Qiqi,Female,CHN,China,CHN,China,1998-08-07
Gold Medal,HAO Ting,Female,CHN,China,CHN,China,2001-03-23
Gold Medal,HUANG Zhangjiayang,Female,CHN,China,CHN,China,2000-02-15
Gold Medal,WANG Lanjing,Female,CHN,China,CHN,China,2005-03-10
Silver Medal,BAKANOV Shani,Female,ISR,Israel,ISR,Israel,2006-02-27
Silver Medal,FRIEDMANN Adar,Female,ISR,Israel,ISR,Israel,2006-07-18
Silver Medal,PARITZKI Romi,Female,ISR,Israel,ISR,Israel,2004-06-17
Silver Medal,SHAHAM Ofir,Female,ISR,Israel,ISR,Israel,2004-11-23
Silver Medal,SVERTSOV Diana,Female,ISR,Israel,ISR,Israel,2004-11-15
Bronze Medal,CENTOFANTI Martina,Female,ITA,Italy,ITA,Italy,1998-05-19
Bronze Medal,DURANTI Agnese,Female,ITA,Italy,ITA,Italy,2000-12-18
Bronze Medal,MAURELLI Alessia,Female,ITA,Italy,ITA,Italy,1996-08-22
Bronze Medal,MOGUREAN Daniela,Female,ITA,Italy,ITA,Italy,2001-07-16
Bronze Medal,PARIS Laura,Female,ITA,Italy,ITA,Italy,2002-09-07
